athlete_id,school_slug,name_slug,gender,region,tfrrs_url
8977035,USC,Brianna_Selby,f,west,https://www.tfrrs.org/athletes/8977035/USC/Brianna_Selby
8368619,USC,Dajaz_Defrand,f,west,https://www.tfrrs.org/athletes/8368619/USC/Dajaz_Defrand
8860314,Tarleton_State,Victoria_Cameron,f,west,https://www.tfrrs.org/athletes/8860314/Tarleton_State/Victoria_Cameron
9246962,Texas,Abigail_Wolfe,f,west,https://www.tfrrs.org/athletes/9246962/Texas/Abigail_Wolfe
8364033,Texas_AM,Camryn_Dickson,f,west,https://www.tfrrs.org/athletes/8364033/Texas_AM/Camryn_Dickson
8701622,Texas_Tech,Alyssa_Colbert,f,west,https://www.tfrrs.org/athletes/8701622/Texas_Tech/Alyssa_Colbert
8647430,Texas,Carleta_Bernard,f,west,https://www.tfrrs.org/athletes/8647430/Texas/Carleta_Bernard
9287053,New_Mexico,Taniya_Looney,f,west,https://www.tfrrs.org/athletes/9287053/New_Mexico/Taniya_Looney
8687819,BYU,Paje_Rasmussen,f,west,https://www.tfrrs.org/athletes/8687819/BYU/Paje_Rasmussen
8996997,UCLA,Taylor_Snaer,f,west,https://www.tfrrs.org/athletes/8996997/UCLA/Taylor_Snaer
8986907,Tarleton_State,Lauren_Roy,f,west,https://www.tfrrs.org/athletes/8986907/Tarleton_State/Lauren_Roy
8664744,Illinois,Sophia__Beckmon,f,west,https://www.tfrrs.org/athletes/8664744/Illinois/Sophia__Beckmon
8979505,Texas_Tech,Olayinka_Olajide,f,west,https://www.tfrrs.org/athletes/8979505/Texas_Tech/Olayinka_Olajide
8327522,Baylor,Tiriah_Kelley,f,west,https://www.tfrrs.org/athletes/8327522/Baylor/Tiriah_Kelley
8999126,Oregon,Amirah_Shaheed,f,west,https://www.tfrrs.org/athletes/8999126/Oregon/Amirah_Shaheed
8970034,TCU,Indya_Mayberry,f,west,https://www.tfrrs.org/athletes/8970034/TCU/Indya_Mayberry
8977028,USC,Mia_Brahe-Pedersen,f,west,https://www.tfrrs.org/athletes/8977028/USC/Mia_Brahe-Pedersen
9246002,TCU,Bailey_Johnson,f,west,https://www.tfrrs.org/athletes/9246002/TCU/Bailey_Johnson
9000466,Baylor,Janae_De_Gannes,f,west,https://www.tfrrs.org/athletes/9000466/Baylor/Janae_De_Gannes
9279569,Baylor,Success_Oyibu,f,west,https://www.tfrrs.org/athletes/9279569/Baylor/Success_Oyibu
9063858,Tarleton_State,Prestina_Ochonogor,f,west,https://www.tfrrs.org/athletes/9063858/Tarleton_State/Prestina_Ochonogor
8977037,USC,Rachael_Uvieghara,f,west,https://www.tfrrs.org/athletes/8977037/USC/Rachael_Uvieghara
9014585,Texas_AM,Anya_Jackson,f,west,https://www.tfrrs.org/athletes/9014585/Texas_AM/Anya_Jackson
8970037,TCU,London_Tucker,f,west,https://www.tfrrs.org/athletes/8970037/TCU/London_Tucker
7988602,Texas_Tech,Brianna_Howard,f,west,https://www.tfrrs.org/athletes/7988602/Texas_Tech/Brianna_Howard
8981429,North_Dakota_St,Paige_Renschler,f,west,https://www.tfrrs.org/athletes/8981429/North_Dakota_St/Paige_Renschler
8324337,Stanford,Alyssa_Jones,f,west,https://www.tfrrs.org/athletes/8324337/Stanford/Alyssa_Jones
9012419,California_CA,Nairobi_Smith,f,west,https://www.tfrrs.org/athletes/9012419/California_CA/Nairobi_Smith
8020116,Texas_AM,Aysha__Shaheed,f,west,https://www.tfrrs.org/athletes/8020116/Texas_AM/Aysha__Shaheed
8364545,Texas_AM,Jasmine_Montgomery,f,west,https://www.tfrrs.org/athletes/8364545/Texas_AM/Jasmine_Montgomery
9000465,Baylor,Royaltee_Brown,f,west,https://www.tfrrs.org/athletes/9000465/Baylor/Royaltee_Brown
9251407,UNLV,Victoria_Perrow,f,west,https://www.tfrrs.org/athletes/9251407/UNLV/Victoria_Perrow
8321718,Iowa,Holly__Duax,f,west,https://www.tfrrs.org/athletes/8321718/Iowa/Holly__Duax
8982898,Texas,Naomi_London,f,west,https://www.tfrrs.org/athletes/8982898/Texas/Naomi_London
8002781,Texas_Tech,Mekenze_Kelley,f,west,https://www.tfrrs.org/athletes/8002781/Texas_Tech/Mekenze_Kelley
8694291,Arizona,McKenna_Watson,f,west,https://www.tfrrs.org/athletes/8694291/Arizona/McKenna_Watson
8343532,USC,Christine_Mallard,f,west,https://www.tfrrs.org/athletes/8343532/USC/Christine_Mallard
9283767,Arkansas,Asia_Thomas,f,west,https://www.tfrrs.org/athletes/9283767/Arkansas/Asia_Thomas
8998434,Long_Beach_St,Trinity__Barnett,f,west,https://www.tfrrs.org/athletes/8998434/Long_Beach_St/Trinity__Barnett
8350105,Texas_Tech,Symoria_Adkins,f,west,https://www.tfrrs.org/athletes/8350105/Texas_Tech/Symoria_Adkins
8930769,Cal_St_Bakersfield,Makiah_Parker,f,west,https://www.tfrrs.org/athletes/8930769/Cal_St_Bakersfield/Makiah_Parker
8354289,Oregon,Lily_Jones,f,west,https://www.tfrrs.org/athletes/8354289/Oregon/Lily_Jones
8679078,Oklahoma,Morgan_Little,f,west,https://www.tfrrs.org/athletes/8679078/Oklahoma/Morgan_Little
9253387,Montana,Callie_Wilson,f,west,https://www.tfrrs.org/athletes/9253387/Montana/Callie_Wilson
9000471,Baylor,Hannah_Lowe,f,west,https://www.tfrrs.org/athletes/9000471/Baylor/Hannah_Lowe
8671124,New_Mexico_State,Marlee_Cavitt,f,west,https://www.tfrrs.org/athletes/8671124/New_Mexico_State/Marlee_Cavitt
8685275,Missouri_State,Olivia_Rogers,f,west,https://www.tfrrs.org/athletes/8685275/Missouri_State/Olivia_Rogers
8358310,UC_Irvine,Samantha__Bartz,f,west,https://www.tfrrs.org/athletes/8358310/UC_Irvine/Samantha__Bartz
8674115,Central_Arkansas,Brenae_Allen,f,west,https://www.tfrrs.org/athletes/8674115/Central_Arkansas/Brenae_Allen
9251415,UNLV,Kayveonna_Jackson,f,west,https://www.tfrrs.org/athletes/9251415/UNLV/Kayveonna_Jackson
9002658,Grand_Canyon,Cassie_Small,f,west,https://www.tfrrs.org/athletes/9002658/Grand_Canyon/Cassie_Small
8674114,Central_Arkansas,Raghan_Allen,f,west,https://www.tfrrs.org/athletes/8674114/Central_Arkansas/Raghan_Allen
8699147,USC,Madison_Whyte,f,west,https://www.tfrrs.org/athletes/8699147/USC/Madison_Whyte
8677962,Arkansas,Kaylyn_Brown,f,west,https://www.tfrrs.org/athletes/8677962/Arkansas/Kaylyn_Brown
9246953,Texas,Elise_Cooper,f,west,https://www.tfrrs.org/athletes/9246953/Texas/Elise_Cooper
8983978,Utah,Chelsea_Amoah,f,west,https://www.tfrrs.org/athletes/8983978/Utah/Chelsea_Amoah
9246960,Texas,Rejoice_Sule,f,west,https://www.tfrrs.org/athletes/9246960/Texas/Rejoice_Sule
9049629,Texas_AM,Lacarthea_Cooper,f,west,https://www.tfrrs.org/athletes/9049629/Texas_AM/Lacarthea_Cooper
9014577,Arkansas,Sanaria_Butler,f,west,https://www.tfrrs.org/athletes/9014577/Arkansas/Sanaria_Butler
9014598,Arkansas,Amirah_Sharpe,f,west,https://www.tfrrs.org/athletes/9014598/Arkansas/Amirah_Sharpe
8700046,Iowa,Chioma__Nwachukwu,f,west,https://www.tfrrs.org/athletes/8700046/Iowa/Chioma__Nwachukwu
8719206,Texas_Tech,Anita_Afrifa,f,west,https://www.tfrrs.org/athletes/8719206/Texas_Tech/Anita_Afrifa
9272246,Illinois,Meagan_Humphries,f,west,https://www.tfrrs.org/athletes/9272246/Illinois/Meagan_Humphries
8711443,North_Texas,Aariyana_Williams,f,west,https://www.tfrrs.org/athletes/8711443/North_Texas/Aariyana_Williams
9242263,Houston,Zyon_Alston,f,west,https://www.tfrrs.org/athletes/9242263/Houston/Zyon_Alston
8676102,Southern_Illinois,Leah_Thames,f,west,https://www.tfrrs.org/athletes/8676102/Southern_Illinois/Leah_Thames
9245142,Tarleton_State,Emma_Holmes,f,west,https://www.tfrrs.org/athletes/9245142/Tarleton_State/Emma_Holmes
8315001,Nevada,Annalies_Kalma,f,west,https://www.tfrrs.org/athletes/8315001/Nevada/Annalies_Kalma
8338531,Iowa_State,Rachel_Joseph,f,west,https://www.tfrrs.org/athletes/8338531/Iowa_State/Rachel_Joseph
9283758,Arkansas,Taejha_Badal,f,west,https://www.tfrrs.org/athletes/9283758/Arkansas/Taejha_Badal
8995143,Houston,Norah_Nwonumah,f,west,https://www.tfrrs.org/athletes/8995143/Houston/Norah_Nwonumah
8376101,UCLA,Naomi_Johnson,f,west,https://www.tfrrs.org/athletes/8376101/UCLA/Naomi_Johnson
8364036,Arkansas,Sanu_Jallow,f,west,https://www.tfrrs.org/athletes/8364036/Arkansas/Sanu_Jallow
9246957,Texas,Bayleigh_Minor,f,west,https://www.tfrrs.org/athletes/9246957/Texas/Bayleigh_Minor
8363278,Arkansas,Analisse_Batista,f,west,https://www.tfrrs.org/athletes/8363278/Arkansas/Analisse_Batista
9010253,New_Mexico,Eva__Ngom,f,west,https://www.tfrrs.org/athletes/9010253/New_Mexico/Eva__Ngom
7993649,Kansas_State,Vanessa_Mercera,f,west,https://www.tfrrs.org/athletes/7993649/Kansas_State/Vanessa_Mercera
9366914,Texas_Tech,Collinique_Farrington,f,west,https://www.tfrrs.org/athletes/9366914/Texas_Tech/Collinique_Farrington
7986820,Texas_AM,Jahnile__Registre,f,west,https://www.tfrrs.org/athletes/7986820/Texas_AM/Jahnile__Registre
8997257,Iowa,Damaris__Mutunga,f,west,https://www.tfrrs.org/athletes/8997257/Iowa/Damaris__Mutunga
9283700,Rice,Barbora_Malikova,f,west,https://www.tfrrs.org/athletes/9283700/Rice/Barbora_Malikova
8716529,Minnesota,Nontokozo_Ncube,f,west,https://www.tfrrs.org/athletes/8716529/Minnesota/Nontokozo_Ncube
9014633,Arkansas,Arianna_Sharpe,f,west,https://www.tfrrs.org/athletes/9014633/Arkansas/Arianna_Sharpe
8724783,Iowa,Princess_Uche,f,west,https://www.tfrrs.org/athletes/8724783/Iowa/Princess_Uche
8671725,Kansas,Deshana_Skeete,f,west,https://www.tfrrs.org/athletes/8671725/Kansas/Deshana_Skeete
8995016,Utah_State,Mashaylee__Jones,f,west,https://www.tfrrs.org/athletes/8995016/Utah_State/Mashaylee__Jones
9175549,Kansas_State,Desirae_Riehle,f,west,https://www.tfrrs.org/athletes/9175549/Kansas_State/Desirae_Riehle
9265578,Texas_Pan_American,Treasure_Vallerie,f,west,https://www.tfrrs.org/athletes/9265578/Texas_Pan_American/Treasure_Vallerie
9008528,Texas_AM,Tyler_Lowe,f,west,https://www.tfrrs.org/athletes/9008528/Texas_AM/Tyler_Lowe
8986657,Nebraska,Kelsie_Belquist,f,west,https://www.tfrrs.org/athletes/8986657/Nebraska/Kelsie_Belquist
8982895,Texas,Ramiah_Elliott,f,west,https://www.tfrrs.org/athletes/8982895/Texas/Ramiah_Elliott
8990942,Texas_AM,Peace_Nwaelehia,f,west,https://www.tfrrs.org/athletes/8990942/Texas_AM/Peace_Nwaelehia
9022747,Arizona_State,Taiwo_Kudoro,f,west,https://www.tfrrs.org/athletes/9022747/Arizona_State/Taiwo_Kudoro
9283760,Arkansas,Abigail__Campbell,f,west,https://www.tfrrs.org/athletes/9283760/Arkansas/Abigail__Campbell
9278481,USC,Joelle_Trepagnier,f,west,https://www.tfrrs.org/athletes/9278481/USC/Joelle_Trepagnier
8363956,Texas_Arlington,Alexis_Cain,f,west,https://www.tfrrs.org/athletes/8363956/Texas_Arlington/Alexis_Cain
8691952,Nebraska,Abrielle_Artley,f,west,https://www.tfrrs.org/athletes/8691952/Nebraska/Abrielle_Artley
9278480,USC,Madison_Mosby,f,west,https://www.tfrrs.org/athletes/9278480/USC/Madison_Mosby
8343531,USC,Takiya_Cenci,f,west,https://www.tfrrs.org/athletes/8343531/USC/Takiya_Cenci
8671724,Kansas,Pearl_Awanya,f,west,https://www.tfrrs.org/athletes/8671724/Kansas/Pearl_Awanya
8258983,Montana_State,Caroline_Hawkes,f,west,https://www.tfrrs.org/athletes/8258983/Montana_State/Caroline_Hawkes
8997256,Iowa,Alivia__Williams,f,west,https://www.tfrrs.org/athletes/8997256/Iowa/Alivia__Williams
8672716,Oregon,Lakely_Doht-Barron,f,west,https://www.tfrrs.org/athletes/8672716/Oregon/Lakely_Doht-Barron
8691524,New_Mexico,Louanne_Pouzancre,f,west,https://www.tfrrs.org/athletes/8691524/New_Mexico/Louanne_Pouzancre
8990128,Grand_Canyon,Taliyah_Booker,f,west,https://www.tfrrs.org/athletes/8990128/Grand_Canyon/Taliyah_Booker
9242759,UCLA,Ava_Simms,f,west,https://www.tfrrs.org/athletes/9242759/UCLA/Ava_Simms
8711249,Rice,Riana_Green,f,west,https://www.tfrrs.org/athletes/8711249/Rice/Riana_Green
8705620,TCU,Tia_Williams,f,west,https://www.tfrrs.org/athletes/8705620/TCU/Tia_Williams
8671715,Kansas,Emmaculate_Jemutai,f,west,https://www.tfrrs.org/athletes/8671715/Kansas/Emmaculate_Jemutai
9013078,Washington_State,Rosemary_Longisa,f,west,https://www.tfrrs.org/athletes/9013078/Washington_State/Rosemary_Longisa
9188510,Stanford,Mena_Scatchard,f,west,https://www.tfrrs.org/athletes/9188510/Stanford/Mena_Scatchard
8899219,BYU,Tessa_Buswell,f,west,https://www.tfrrs.org/athletes/8899219/BYU/Tessa_Buswell
9250841,Colorado,Avery_Pearson,f,west,https://www.tfrrs.org/athletes/9250841/Colorado/Avery_Pearson
8239784,Stanford,Juliette_Whittaker,f,west,https://www.tfrrs.org/athletes/8239784/Stanford/Juliette_Whittaker
8338526,Iowa_State,Makayla_Clark,f,west,https://www.tfrrs.org/athletes/8338526/Iowa_State/Makayla_Clark
9283762,Arkansas,Makenna__Herbst,f,west,https://www.tfrrs.org/athletes/9283762/Arkansas/Makenna__Herbst
8324602,Washington,Chloe_Foerster,f,west,https://www.tfrrs.org/athletes/8324602/Washington/Chloe_Foerster
9272247,Illinois,Grace_Kombetto,f,west,https://www.tfrrs.org/athletes/9272247/Illinois/Grace_Kombetto
8388321,Kansas,Honour_Finley,f,west,https://www.tfrrs.org/athletes/8388321/Kansas/Honour_Finley
7993231,Texas_Tech,Fanny_Arendt,f,west,https://www.tfrrs.org/athletes/7993231/Texas_Tech/Fanny_Arendt
9166125,USC,Oluwatosin_Awoleye,f,west,https://www.tfrrs.org/athletes/9166125/USC/Oluwatosin_Awoleye
8233007,Minnesota,Zoie_Dundon,f,west,https://www.tfrrs.org/athletes/8233007/Minnesota/Zoie_Dundon
8237635,Oklahoma_State,Kaylie_Politza,f,west,https://www.tfrrs.org/athletes/8237635/Oklahoma_State/Kaylie_Politza
9239379,Washington,Chloe_Symon,f,west,https://www.tfrrs.org/athletes/9239379/Washington/Chloe_Symon
8265375,Boise_State,Kaiya_Robertson,f,west,https://www.tfrrs.org/athletes/8265375/Boise_State/Kaiya_Robertson
9194613,Oklahoma_State,Elyse_Wilmes,f,west,https://www.tfrrs.org/athletes/9194613/Oklahoma_State/Elyse_Wilmes
7888818,BYU,Krystie_Solomon,f,west,https://www.tfrrs.org/athletes/7888818/BYU/Krystie_Solomon
8581835,TCU,Georgia_Scott,f,west,https://www.tfrrs.org/athletes/8581835/TCU/Georgia_Scott
8584320,Texas_Pan_American,N_Vanee_Anchike,f,west,https://www.tfrrs.org/athletes/8584320/Texas_Pan_American/N_Vanee_Anchike
8816848,Northern_Arizona,Hayley_Burns,f,west,https://www.tfrrs.org/athletes/8816848/Northern_Arizona/Hayley_Burns
8590112,Nebraska,Berlyn__Schutz,f,west,https://www.tfrrs.org/athletes/8590112/Nebraska/Berlyn__Schutz
9239378,Washington,Jenica_Swartz,f,west,https://www.tfrrs.org/athletes/9239378/Washington/Jenica_Swartz
8632366,Iowa,Rosemary_Arthur,f,west,https://www.tfrrs.org/athletes/8632366/Iowa/Rosemary_Arthur
8617814,Air_Force,Liliane_Aittama,f,west,https://www.tfrrs.org/athletes/8617814/Air_Force/Liliane_Aittama
8632321,Iowa,Leanna_Lewis,f,west,https://www.tfrrs.org/athletes/8632321/Iowa/Leanna_Lewis
7734301,Oregon,Wilma_Nielsen,f,west,https://www.tfrrs.org/athletes/7734301/Oregon/Wilma_Nielsen
8917337,Texas_AM_CC,Elizabeth_Khatevi,f,west,https://www.tfrrs.org/athletes/8917337/Texas_AM_CC/Elizabeth_Khatevi
9194528,Oklahoma_State,Brooke_Beck,f,west,https://www.tfrrs.org/athletes/9194528/Oklahoma_State/Brooke_Beck
8363279,Arkansas,Ainsley_Erzen,f,west,https://www.tfrrs.org/athletes/8363279/Arkansas/Ainsley_Erzen
8239463,Iowa,Gabby__Cortez,f,west,https://www.tfrrs.org/athletes/8239463/Iowa/Gabby__Cortez
8238064,SMU,Macey__Hilton,f,west,https://www.tfrrs.org/athletes/8238064/SMU/Macey__Hilton
8997005,UCLA,Marie_Warneke,f,west,https://www.tfrrs.org/athletes/8997005/UCLA/Marie_Warneke
8617817,Air_Force,Camryn_Bodine,f,west,https://www.tfrrs.org/athletes/8617817/Air_Force/Camryn_Bodine
7906901,Oklahoma_State,Jinah_Mickens-Malik,f,west,https://www.tfrrs.org/athletes/7906901/Oklahoma_State/Jinah_Mickens-Malik
9359550,East_Texas_A&amp;M,Sannae_Hassnaoui,f,west,https://www.tfrrs.org/athletes/9359550/East_Texas_A&amp;M/Sannae_Hassnaoui
8912476,Stephen_F_Austin,Evaline_Chepkoech,f,west,https://www.tfrrs.org/athletes/8912476/Stephen_F_Austin/Evaline_Chepkoech
8913865,New_Mexico,Jasmine_Wood,f,west,https://www.tfrrs.org/athletes/8913865/New_Mexico/Jasmine_Wood
9025855,Houston,Invida_Maurina,f,west,https://www.tfrrs.org/athletes/9025855/Houston/Invida_Maurina
9185837,Texas,Isabel_Conde_De_Frankenberg,f,west,https://www.tfrrs.org/athletes/9185837/Texas/Isabel_Conde_De_Frankenberg
8612793,San_Francisco,Petra_Helebrantova,f,west,https://www.tfrrs.org/athletes/8612793/San_Francisco/Petra_Helebrantova
8592998,Stanford,Amelia_Everett,f,west,https://www.tfrrs.org/athletes/8592998/Stanford/Amelia_Everett
9185840,Texas,Mia_Perez,f,west,https://www.tfrrs.org/athletes/9185840/Texas/Mia_Perez
8593002,Stanford,Hillary_Studdert,f,west,https://www.tfrrs.org/athletes/8593002/Stanford/Hillary_Studdert
9195184,Oklahoma_State,Kadence_Huck,f,west,https://www.tfrrs.org/athletes/9195184/Oklahoma_State/Kadence_Huck
9239358,Northern_Colorado,Monique_Stewart,f,west,https://www.tfrrs.org/athletes/9239358/Northern_Colorado/Monique_Stewart
8285251,Oklahoma_State,Billah_Jepkirui,f,west,https://www.tfrrs.org/athletes/8285251/Oklahoma_State/Billah_Jepkirui
9230145,BYU,Jane_Hedengren,f,west,https://www.tfrrs.org/athletes/9230145/BYU/Jane_Hedengren
8268058,BYU,Taylor_Lovell,f,west,https://www.tfrrs.org/athletes/8268058/BYU/Taylor_Lovell
8288637,Oregon,Silan__Ayyildiz,f,west,https://www.tfrrs.org/athletes/8288637/Oregon/Silan__Ayyildiz
7888812,BYU,Carmen_Alder,f,west,https://www.tfrrs.org/athletes/7888812/BYU/Carmen_Alder
8278025,BYU,Jenna_Hutchins,f,west,https://www.tfrrs.org/athletes/8278025/BYU/Jenna_Hutchins
7908135,BYU,Carlee_Hansen,f,west,https://www.tfrrs.org/athletes/7908135/BYU/Carlee_Hansen
8268060,BYU,Taylor_Rohatinsky,f,west,https://www.tfrrs.org/athletes/8268060/BYU/Taylor_Rohatinsky
9007417,Washington,Mia_Cochran,f,west,https://www.tfrrs.org/athletes/9007417/Washington/Mia_Cochran
8601479,Oregon,Juliet_Cherubet,f,west,https://www.tfrrs.org/athletes/8601479/Oregon/Juliet_Cherubet
7891945,Wisconsin,Kylie__Finger,f,west,https://www.tfrrs.org/athletes/7891945/Wisconsin/Kylie__Finger
8592473,New_Mexico,Tilly_Simpson,f,west,https://www.tfrrs.org/athletes/8592473/New_Mexico/Tilly_Simpson
8233708,Bradley,Trixie_Wraith,f,west,https://www.tfrrs.org/athletes/8233708/Bradley/Trixie_Wraith
8268003,BYU,Jacey__Farmer,f,west,https://www.tfrrs.org/athletes/8268003/BYU/Jacey__Farmer
8253698,Northwestern_IL,Skye_Ellis,f,west,https://www.tfrrs.org/athletes/8253698/Northwestern_IL/Skye_Ellis
9282125,Illinois_State,Becca_Heitzig,f,west,https://www.tfrrs.org/athletes/9282125/Illinois_State/Becca_Heitzig
8583370,Oregon_State,Ainsley_Herron,f,west,https://www.tfrrs.org/athletes/8583370/Oregon_State/Ainsley_Herron
9205345,Iowa_State,Mercy_Kibet,f,west,https://www.tfrrs.org/athletes/9205345/Iowa_State/Mercy_Kibet
8233707,Bradley,Kaitlyn_Sheppard,f,west,https://www.tfrrs.org/athletes/8233707/Bradley/Kaitlyn_Sheppard
9224490,BYU,Zariel_Macchia,f,west,https://www.tfrrs.org/athletes/9224490/BYU/Zariel_Macchia
9194243,Illinois_State,Pauline_Schedler,f,west,https://www.tfrrs.org/athletes/9194243/Illinois_State/Pauline_Schedler
8913867,New_Mexico,Li-Mari_Dekker,f,west,https://www.tfrrs.org/athletes/8913867/New_Mexico/Li-Mari_Dekker
7910998,Washington,Julia_David-Smith,f,west,https://www.tfrrs.org/athletes/7910998/Washington/Julia_David-Smith
8617831,Air_Force,Anna_Harden,f,west,https://www.tfrrs.org/athletes/8617831/Air_Force/Anna_Harden
8685923,Utah,Lindsey_Peters,f,west,https://www.tfrrs.org/athletes/8685923/Utah/Lindsey_Peters
8609155,Iowa_State,Maelle_Porcher,f,west,https://www.tfrrs.org/athletes/8609155/Iowa_State/Maelle_Porcher
8257181,Oregon,Dalia__Frias,f,west,https://www.tfrrs.org/athletes/8257181/Oregon/Dalia__Frias
8983919,Missouri,Monica_Wanjiku,f,west,https://www.tfrrs.org/athletes/8983919/Missouri/Monica_Wanjiku
8916070,New_Mexico,Pamela_Kosgei,f,west,https://www.tfrrs.org/athletes/8916070/New_Mexico/Pamela_Kosgei
9009627,Oklahoma_State,Isca_Chelangat,f,west,https://www.tfrrs.org/athletes/9009627/Oklahoma_State/Isca_Chelangat
9020090,New_Mexico,Marion_Jepngetich,f,west,https://www.tfrrs.org/athletes/9020090/New_Mexico/Marion_Jepngetich
8948436,Iowa_State,Betty_Kipkore,f,west,https://www.tfrrs.org/athletes/8948436/Iowa_State/Betty_Kipkore
9213619,Iowa_State,Mercyline_Kirwa,f,west,https://www.tfrrs.org/athletes/9213619/Iowa_State/Mercyline_Kirwa
7918467,North_Dakota,Jadyn_Keeler,f,west,https://www.tfrrs.org/athletes/7918467/North_Dakota/Jadyn_Keeler
8715414,Northern_Arizona,Ava_Mitchell,f,west,https://www.tfrrs.org/athletes/8715414/Northern_Arizona/Ava_Mitchell
9283306,Oklahoma,Domtila_Cheruto,f,west,https://www.tfrrs.org/athletes/9283306/Oklahoma/Domtila_Cheruto
8612202,Colorado,Jessie_Secor,f,west,https://www.tfrrs.org/athletes/8612202/Colorado/Jessie_Secor
8233289,Minnesota,Ali__Weimer,f,west,https://www.tfrrs.org/athletes/8233289/Minnesota/Ali__Weimer
7803839,Utah_Valley,Morgan_Nokes,f,west,https://www.tfrrs.org/athletes/7803839/Utah_Valley/Morgan_Nokes
9239380,Washington,Chloe_Thomas,f,west,https://www.tfrrs.org/athletes/9239380/Washington/Chloe_Thomas
9009629,Oklahoma_State,Maureen_Cherotich,f,west,https://www.tfrrs.org/athletes/9009629/Oklahoma_State/Maureen_Cherotich
9246952,Texas,Sophie_Atkinson,f,west,https://www.tfrrs.org/athletes/9246952/Texas/Sophie_Atkinson
8724776,New_Mexico,Mercy__Kirarei,f,west,https://www.tfrrs.org/athletes/8724776/New_Mexico/Mercy__Kirarei
8239782,Stanford,Riley_Stewart,f,west,https://www.tfrrs.org/athletes/8239782/Stanford/Riley_Stewart
7891172,Gonzaga,Rosina_Machu,f,west,https://www.tfrrs.org/athletes/7891172/Gonzaga/Rosina_Machu
8679566,Northern_Arizona,Ali_Upshaw,f,west,https://www.tfrrs.org/athletes/8679566/Northern_Arizona/Ali_Upshaw
8897525,Gonzaga,Logan_Hofstee,f,west,https://www.tfrrs.org/athletes/8897525/Gonzaga/Logan_Hofstee
9105473,Oregon,Diana_Cherotich,f,west,https://www.tfrrs.org/athletes/9105473/Oregon/Diana_Cherotich
7908093,UC_San_Diego,Sylvana_Northrop,f,west,https://www.tfrrs.org/athletes/7908093/UC_San_Diego/Sylvana_Northrop
8818269,Baylor,Ruth_Kimeli,f,west,https://www.tfrrs.org/athletes/8818269/Baylor/Ruth_Kimeli
7898595,Northwestern_IL,Anna_Hightower,f,west,https://www.tfrrs.org/athletes/7898595/Northwestern_IL/Anna_Hightower
8592999,Stanford,Sophia_Kennedy,f,west,https://www.tfrrs.org/athletes/8592999/Stanford/Sophia_Kennedy
9288967,Northern_Arizona,Grace_Copeland,f,west,https://www.tfrrs.org/athletes/9288967/Northern_Arizona/Grace_Copeland
8356895,Utah_State,Sarah_Ellis,f,west,https://www.tfrrs.org/athletes/8356895/Utah_State/Sarah_Ellis
8601784,Texas_AM,Megan_Roberts,f,west,https://www.tfrrs.org/athletes/8601784/Texas_AM/Megan_Roberts
7891943,Wisconsin,Leane_Willemse,f,west,https://www.tfrrs.org/athletes/7891943/Wisconsin/Leane_Willemse
8273658,Air_Force,India_Jones,f,west,https://www.tfrrs.org/athletes/8273658/Air_Force/India_Jones
8233288,Minnesota,Izzy_Roemer,f,west,https://www.tfrrs.org/athletes/8233288/Minnesota/Izzy_Roemer
8610850,Northwestern_IL,Ava_Criniti,f,west,https://www.tfrrs.org/athletes/8610850/Northwestern_IL/Ava_Criniti
9001984,Northern_Arizona,Agnes_McTighe,f,west,https://www.tfrrs.org/athletes/9001984/Northern_Arizona/Agnes_McTighe
8711636,Washington_State,Zenah_Cheptoo,f,west,https://www.tfrrs.org/athletes/8711636/Washington_State/Zenah_Cheptoo
9329696,Northern_Arizona,Addie_Engel,f,west,https://www.tfrrs.org/athletes/9329696/Northern_Arizona/Addie_Engel
8605987,Colorado,Abbey_Nechanicky,f,west,https://www.tfrrs.org/athletes/8605987/Colorado/Abbey_Nechanicky
8607584,Utah,Annastasia_Peters,f,west,https://www.tfrrs.org/athletes/8607584/Utah/Annastasia_Peters
8899223,BYU,Nelah_Roberts,f,west,https://www.tfrrs.org/athletes/8899223/BYU/Nelah_Roberts
9189614,Arkansas,Josphine__Mwaura,f,west,https://www.tfrrs.org/athletes/9189614/Arkansas/Josphine__Mwaura
8590108,Nebraska,Ali_Bainbridge,f,west,https://www.tfrrs.org/athletes/8590108/Nebraska/Ali_Bainbridge
8284981,New_Mexico,Christina_Nisoli,f,west,https://www.tfrrs.org/athletes/8284981/New_Mexico/Christina_Nisoli
8982731,Washington,Maeve__Stiles,f,west,https://www.tfrrs.org/athletes/8982731/Washington/Maeve__Stiles
9239370,Washington,Abby_DeVeau,f,west,https://www.tfrrs.org/athletes/9239370/Washington/Abby_DeVeau
8931588,UCLA,Olivia_Foody,f,west,https://www.tfrrs.org/athletes/8931588/UCLA/Olivia_Foody
7900644,Wichita_State,Lucy_Ndungu,f,west,https://www.tfrrs.org/athletes/7900644/Wichita_State/Lucy_Ndungu
7888816,Utah_Valley,Reagan_Doman,f,west,https://www.tfrrs.org/athletes/7888816/Utah_Valley/Reagan_Doman
8923555,Stephen_F_Austin,Valentine_Jemutai,f,west,https://www.tfrrs.org/athletes/8923555/Stephen_F_Austin/Valentine_Jemutai
8610849,Northwestern_IL,Jackie_Holman,f,west,https://www.tfrrs.org/athletes/8610849/Northwestern_IL/Jackie_Holman
9170496,Gonzaga,Charlotte_Dillon,f,west,https://www.tfrrs.org/athletes/9170496/Gonzaga/Charlotte_Dillon
8611938,Boise_State,Amit_Koma,f,west,https://www.tfrrs.org/athletes/8611938/Boise_State/Amit_Koma
8364091,California_Baptist,Sarah_Schiffman,f,west,https://www.tfrrs.org/athletes/8364091/California_Baptist/Sarah_Schiffman
9099066,Colorado,Hannah_Prosser,f,west,https://www.tfrrs.org/athletes/9099066/Colorado/Hannah_Prosser
8614839,Pepperdine,Elizabeth__Crawford,f,west,https://www.tfrrs.org/athletes/8614839/Pepperdine/Elizabeth__Crawford
8601780,North_Dakota,Shewaye_Johnson,f,west,https://www.tfrrs.org/athletes/8601780/North_Dakota/Shewaye_Johnson
8237935,Utah_Valley,Ari_Trimble,f,west,https://www.tfrrs.org/athletes/8237935/Utah_Valley/Ari_Trimble
7892068,Oregon,Anika_Thompson,f,west,https://www.tfrrs.org/athletes/7892068/Oregon/Anika_Thompson
7707235,Colorado,Ashley_Jones,f,west,https://www.tfrrs.org/athletes/7707235/Colorado/Ashley_Jones
8584801,Cal_Poly,Kelli_Gaffney,f,west,https://www.tfrrs.org/athletes/8584801/Cal_Poly/Kelli_Gaffney
8892760,Montana_State,Madi_Siana,f,west,https://www.tfrrs.org/athletes/8892760/Montana_State/Madi_Siana
8317475,Gonzaga,Anna_Grabowski,f,west,https://www.tfrrs.org/athletes/8317475/Gonzaga/Anna_Grabowski
8900286,North_Dakota,Naja_Weiler,f,west,https://www.tfrrs.org/athletes/8900286/North_Dakota/Naja_Weiler
8584943,Texas_Tech,Tonie-Ann_Forbes,f,west,https://www.tfrrs.org/athletes/8584943/Texas_Tech/Tonie-Ann_Forbes
8364031,Texas_AM,Jaiya_Covington,f,west,https://www.tfrrs.org/athletes/8364031/Texas_AM/Jaiya_Covington
8354291,Oregon,Aaliyah_McCormick,f,west,https://www.tfrrs.org/athletes/8354291/Oregon/Aaliyah_McCormick
8238069,SMU,Nea_Sanders,f,west,https://www.tfrrs.org/athletes/8238069/SMU/Nea_Sanders
8996996,UCLA,Celeste_Polzonetti,f,west,https://www.tfrrs.org/athletes/8996996/UCLA/Celeste_Polzonetti
7736277,Oregon,Micaela_De_Mello,f,west,https://www.tfrrs.org/athletes/7736277/Oregon/Micaela_De_Mello
9020616,Rice,Julia_Johannesdottir,f,west,https://www.tfrrs.org/athletes/9020616/Rice/Julia_Johannesdottir
7979939,San_Diego_State,Jada__Pierre,f,west,https://www.tfrrs.org/athletes/7979939/San_Diego_State/Jada__Pierre
9014575,Arkansas,Simone_Ballard,f,west,https://www.tfrrs.org/athletes/9014575/Arkansas/Simone_Ballard
8357231,Arizona,Taylen_Wise,f,west,https://www.tfrrs.org/athletes/8357231/Arizona/Taylen_Wise
8012260,Arizona,Hollan_Powers,f,west,https://www.tfrrs.org/athletes/8012260/Arizona/Hollan_Powers
8320100,Houston,Kaycee_McCoy,f,west,https://www.tfrrs.org/athletes/8320100/Houston/Kaycee_McCoy
8325710,BYU,Kali_McEuen,f,west,https://www.tfrrs.org/athletes/8325710/BYU/Kali_McEuen
9283810,Arkansas,Gabriella_Cunningham,f,west,https://www.tfrrs.org/athletes/9283810/Arkansas/Gabriella_Cunningham
9016414,California_CA,Inara_Ukawuba,f,west,https://www.tfrrs.org/athletes/9016414/California_CA/Inara_Ukawuba
8006614,Iowa,Jailya_Ash,f,west,https://www.tfrrs.org/athletes/8006614/Iowa/Jailya_Ash
8673096,Illinois_State,Macee_Rivers,f,west,https://www.tfrrs.org/athletes/8673096/Illinois_State/Macee_Rivers
9010257,New_Mexico,Adryana_Shelby,f,west,https://www.tfrrs.org/athletes/9010257/New_Mexico/Adryana_Shelby
9014596,Arkansas,Saira_Prince,f,west,https://www.tfrrs.org/athletes/9014596/Arkansas/Saira_Prince
8267993,BYU,Zoey_Bonds,f,west,https://www.tfrrs.org/athletes/8267993/BYU/Zoey_Bonds
8714695,Houston,Miracle_Thompson,f,west,https://www.tfrrs.org/athletes/8714695/Houston/Miracle_Thompson
7712279,Milwaukee,Natalie_Block,f,west,https://www.tfrrs.org/athletes/7712279/Milwaukee/Natalie_Block
9265579,Texas_Pan_American,Dior_Williams,f,west,https://www.tfrrs.org/athletes/9265579/Texas_Pan_American/Dior_Williams
8986899,Tarleton_State,Malak_Rashwan,f,west,https://www.tfrrs.org/athletes/8986899/Tarleton_State/Malak_Rashwan
9280757,East_Texas_A&amp;M,Sandy_Sakyi,f,west,https://www.tfrrs.org/athletes/9280757/East_Texas_A&amp;M/Sandy_Sakyi
8997259,USC,Lillian_Harden,f,west,https://www.tfrrs.org/athletes/8997259/USC/Lillian_Harden
8997898,UTSA,Selma_Ims,f,west,https://www.tfrrs.org/athletes/8997898/UTSA/Selma_Ims
8357580,California_CA,Saqqara_Ruffin,f,west,https://www.tfrrs.org/athletes/8357580/California_CA/Saqqara_Ruffin
8982724,Washington,Sofia_Cosculluela,f,west,https://www.tfrrs.org/athletes/8982724/Washington/Sofia_Cosculluela
9251405,UNLV,Jaci_Wright,f,west,https://www.tfrrs.org/athletes/9251405/UNLV/Jaci_Wright
9253515,Texas_Tech,Auceane_Bouijoux,f,west,https://www.tfrrs.org/athletes/9253515/Texas_Tech/Auceane_Bouijoux
8354721,San_Diego_State,Charlize_James,f,west,https://www.tfrrs.org/athletes/8354721/San_Diego_State/Charlize_James
8020117,USC,Asjah_Atkinson,f,west,https://www.tfrrs.org/athletes/8020117/USC/Asjah_Atkinson
9273937,Iowa_State,Zola_N&#39;Douma-Mona,f,west,https://www.tfrrs.org/athletes/9273937/Iowa_State/Zola_N&#39;Douma-Mona
8325461,Colorado_State,Neya_Jamison,f,west,https://www.tfrrs.org/athletes/8325461/Colorado_State/Neya_Jamison
8724869,Northern_Colorado,Alexia__Austin,f,west,https://www.tfrrs.org/athletes/8724869/Northern_Colorado/Alexia__Austin
8707705,UC_Irvine,Jazzmine_Davis,f,west,https://www.tfrrs.org/athletes/8707705/UC_Irvine/Jazzmine_Davis
8705617,TCU,Amari_Kiluvia,f,west,https://www.tfrrs.org/athletes/8705617/TCU/Amari_Kiluvia
8708187,Cal_St_Fullerton,Jahzara__Davis,f,west,https://www.tfrrs.org/athletes/8708187/Cal_St_Fullerton/Jahzara__Davis
9281013,Kansas,Sky_Hagan,f,west,https://www.tfrrs.org/athletes/9281013/Kansas/Sky_Hagan
9267509,Iowa_State,Emma__Havighurst,f,west,https://www.tfrrs.org/athletes/9267509/Iowa_State/Emma__Havighurst
8324085,SE_Missouri,Anna_Thomason,f,west,https://www.tfrrs.org/athletes/8324085/SE_Missouri/Anna_Thomason
9280753,East_Texas_A&amp;M,Amara_Idinna,f,west,https://www.tfrrs.org/athletes/9280753/East_Texas_A&amp;M/Amara_Idinna
8690802,Utah_State,Claire_Petersen,f,west,https://www.tfrrs.org/athletes/8690802/Utah_State/Claire_Petersen
9271764,Hawaii,Robyn__Larkan,f,west,https://www.tfrrs.org/athletes/9271764/Hawaii/Robyn__Larkan
8344400,Sacramento_St,Ava_Fitzgerald,f,west,https://www.tfrrs.org/athletes/8344400/Sacramento_St/Ava_Fitzgerald
9253522,Texas_Tech,Siiri_Siirtola,f,west,https://www.tfrrs.org/athletes/9253522/Texas_Tech/Siiri_Siirtola
8354857,DePaul,Helen_Baumgarten,f,west,https://www.tfrrs.org/athletes/8354857/DePaul/Helen_Baumgarten
8312003,Oklahoma_State,Katie_Chapman,f,west,https://www.tfrrs.org/athletes/8312003/Oklahoma_State/Katie_Chapman
8324069,North_Dakota_St,Sydney_Arndt,f,west,https://www.tfrrs.org/athletes/8324069/North_Dakota_St/Sydney_Arndt
8283676,Oklahoma,Ally_Stephenson,f,west,https://www.tfrrs.org/athletes/8283676/Oklahoma/Ally_Stephenson
9273304,Texas,Amelliah_Birdow,f,west,https://www.tfrrs.org/athletes/9273304/Texas/Amelliah_Birdow
8351335,Texas_Tech,Vanessa_Balde,f,west,https://www.tfrrs.org/athletes/8351335/Texas_Tech/Vanessa_Balde
7980313,Stanford,Tess_Stapleton,f,west,https://www.tfrrs.org/athletes/7980313/Stanford/Tess_Stapleton
8639002,Texas_Tech,Lovina__Ewusi,f,west,https://www.tfrrs.org/athletes/8639002/Texas_Tech/Lovina__Ewusi
9242480,Montana_State,Tilde_Bjerager,f,west,https://www.tfrrs.org/athletes/9242480/Montana_State/Tilde_Bjerager
8611977,Baylor,Serafima_Lucero,f,west,https://www.tfrrs.org/athletes/8611977/Baylor/Serafima_Lucero
8982899,Texas,Mackenzie_Collins,f,west,https://www.tfrrs.org/athletes/8982899/Texas/Mackenzie_Collins
9246961,Texas,Anouk_Krause-Jentsch,f,west,https://www.tfrrs.org/athletes/9246961/Texas/Anouk_Krause-Jentsch
9283763,Arkansas,Morgan_Herbst,f,west,https://www.tfrrs.org/athletes/9283763/Arkansas/Morgan_Herbst
7722277,BYU,Mayci_Taylor,f,west,https://www.tfrrs.org/athletes/7722277/BYU/Mayci_Taylor
8704628,SMU,Kirin_Chacchia,f,west,https://www.tfrrs.org/athletes/8704628/SMU/Kirin_Chacchia
9022133,Arkansas,Rae-Anne_Serville,f,west,https://www.tfrrs.org/athletes/9022133/Arkansas/Rae-Anne_Serville
9242753,UCLA,Kapiolani_Coleman,f,west,https://www.tfrrs.org/athletes/9242753/UCLA/Kapiolani_Coleman
8327518,Kansas_State,Jourdin_Edwards,f,west,https://www.tfrrs.org/athletes/8327518/Kansas_State/Jourdin_Edwards
7988605,Oklahoma,Chloe_Rodriguez,f,west,https://www.tfrrs.org/athletes/7988605/Oklahoma/Chloe_Rodriguez
8977032,USC,Falyn_Lott,f,west,https://www.tfrrs.org/athletes/8977032/USC/Falyn_Lott
8973726,Stanford,Addie_Pendergast,f,west,https://www.tfrrs.org/athletes/8973726/Stanford/Addie_Pendergast
8676483,Minnesota,Kennedy_Martinson,f,west,https://www.tfrrs.org/athletes/8676483/Minnesota/Kennedy_Martinson
9283716,Rice,Sydney_Freeman,f,west,https://www.tfrrs.org/athletes/9283716/Rice/Sydney_Freeman
9175544,Kansas_State,Reese_Brownlee,f,west,https://www.tfrrs.org/athletes/9175544/Kansas_State/Reese_Brownlee
8325711,Utah_Valley,Ella_Hopper,f,west,https://www.tfrrs.org/athletes/8325711/Utah_Valley/Ella_Hopper
9006600,San_Diego_State,Anna_Mager,f,west,https://www.tfrrs.org/athletes/9006600/San_Diego_State/Anna_Mager
8258980,Montana_State,Giulia_Gandolfi,f,west,https://www.tfrrs.org/athletes/8258980/Montana_State/Giulia_Gandolfi
9242756,UCLA,Olivia_Griffin,f,west,https://www.tfrrs.org/athletes/9242756/UCLA/Olivia_Griffin
8694281,Arizona,Brooke_Nordman,f,west,https://www.tfrrs.org/athletes/8694281/Arizona/Brooke_Nordman
8682790,Northern_Iowa,Joey__Perry,f,west,https://www.tfrrs.org/athletes/8682790/Northern_Iowa/Joey__Perry
8671733,Kansas,Sidney_Smith,f,west,https://www.tfrrs.org/athletes/8671733/Kansas/Sidney_Smith
9353747,Stanford,Diane_Richard,f,west,https://www.tfrrs.org/athletes/9353747/Stanford/Diane_Richard
8720042,New_Mexico,Hanna_Kiess,f,west,https://www.tfrrs.org/athletes/8720042/New_Mexico/Hanna_Kiess
8999683,UC_Irvine,Esmeray__Demirbas,f,west,https://www.tfrrs.org/athletes/8999683/UC_Irvine/Esmeray__Demirbas
8362452,Cal_St_Fullerton,Alyssa__Heinlein,f,west,https://www.tfrrs.org/athletes/8362452/Cal_St_Fullerton/Alyssa__Heinlein
9175546,Kansas_State,Reese_Kasper,f,west,https://www.tfrrs.org/athletes/9175546/Kansas_State/Reese_Kasper
9010282,Oregon,Annaleise_Taylor,f,west,https://www.tfrrs.org/athletes/9010282/Oregon/Annaleise_Taylor
8970036,TCU,Laila_Smith,f,west,https://www.tfrrs.org/athletes/8970036/TCU/Laila_Smith
9175945,Eastern_Washington,Jordyn_Grady,f,west,https://www.tfrrs.org/athletes/9175945/Eastern_Washington/Jordyn_Grady
9285730,North_Texas,Lailah_Hudson,f,west,https://www.tfrrs.org/athletes/9285730/North_Texas/Lailah_Hudson
8984277,Colorado_State,Grace_Lanfear,f,west,https://www.tfrrs.org/athletes/8984277/Colorado_State/Grace_Lanfear
9250538,Oklahoma_State,Elise_Eikeland,f,west,https://www.tfrrs.org/athletes/9250538/Oklahoma_State/Elise_Eikeland
8326282,St_Thomas,Olivia_Keller,f,west,https://www.tfrrs.org/athletes/8326282/St_Thomas/Olivia_Keller
9273647,Texas_State,Victoria_Amiadamen,f,west,https://www.tfrrs.org/athletes/9273647/Texas_State/Victoria_Amiadamen
8608707,Idaho,Constanze_Paoli,f,west,https://www.tfrrs.org/athletes/8608707/Idaho/Constanze_Paoli
8917740,Texas_AM,Debora_Cherono,f,west,https://www.tfrrs.org/athletes/8917740/Texas_AM/Debora_Cherono
8609331,BYU,Raygan_Dimond,f,west,https://www.tfrrs.org/athletes/8609331/BYU/Raygan_Dimond
8246772,Weber_State,Saga_Hagelin,f,west,https://www.tfrrs.org/athletes/8246772/Weber_State/Saga_Hagelin
8917138,Oklahoma,Leah_Jeruto,f,west,https://www.tfrrs.org/athletes/8917138/Oklahoma/Leah_Jeruto
8977551,Washington_State,Caroline_Jepkorir,f,west,https://www.tfrrs.org/athletes/8977551/Washington_State/Caroline_Jepkorir
8919752,Tulsa,Sara_Morefield,f,west,https://www.tfrrs.org/athletes/8919752/Tulsa/Sara_Morefield
8019598,Northern_Arizona,Nikita__Moore,f,west,https://www.tfrrs.org/athletes/8019598/Northern_Arizona/Nikita__Moore
8234069,Colorado_State,Catherine_Garrison,f,west,https://www.tfrrs.org/athletes/8234069/Colorado_State/Catherine_Garrison
8921580,Northwestern_IL,Cary_Drake,f,west,https://www.tfrrs.org/athletes/8921580/Northwestern_IL/Cary_Drake
8611941,Boise_State,Emily_Jobes,f,west,https://www.tfrrs.org/athletes/8611941/Boise_State/Emily_Jobes
8612042,North_Dakota,Frida_Giersdorff,f,west,https://www.tfrrs.org/athletes/8612042/North_Dakota/Frida_Giersdorff
8244481,Idaho_State,Ashley_Reeck,f,west,https://www.tfrrs.org/athletes/8244481/Idaho_State/Ashley_Reeck
8238123,Utah,Mackenzie__Rogers,f,west,https://www.tfrrs.org/athletes/8238123/Utah/Mackenzie__Rogers
8037334,Illinois_State,Mattison_Plummer,f,west,https://www.tfrrs.org/athletes/8037334/Illinois_State/Mattison_Plummer
8240755,Loyola_IL,Roisin_Treacy,f,west,https://www.tfrrs.org/athletes/8240755/Loyola_IL/Roisin_Treacy
8603542,New_Mexico_State,Nia_Allison,f,west,https://www.tfrrs.org/athletes/8603542/New_Mexico_State/Nia_Allison
8899194,Utah,Sona_Kourilova,f,west,https://www.tfrrs.org/athletes/8899194/Utah/Sona_Kourilova
9192091,Washington_State,Mercy_Biwott,f,west,https://www.tfrrs.org/athletes/9192091/Washington_State/Mercy_Biwott
8704570,Utah_State,Shelby_Jensen,f,west,https://www.tfrrs.org/athletes/8704570/Utah_State/Shelby_Jensen
8899222,BYU,Addie_Meldrum,f,west,https://www.tfrrs.org/athletes/8899222/BYU/Addie_Meldrum
8237637,Oklahoma_State,Madi_Surber,f,west,https://www.tfrrs.org/athletes/8237637/Oklahoma_State/Madi_Surber
7909863,Boise_State,Abby__Kendrick,f,west,https://www.tfrrs.org/athletes/7909863/Boise_State/Abby__Kendrick
9275699,Utah_Valley,Caren_Kipsirat,f,west,https://www.tfrrs.org/athletes/9275699/Utah_Valley/Caren_Kipsirat
9194565,Oklahoma_State,Bella_Nelson,f,west,https://www.tfrrs.org/athletes/9194565/Oklahoma_State/Bella_Nelson
8892759,Montana_State,Niamh_Motley,f,west,https://www.tfrrs.org/athletes/8892759/Montana_State/Niamh_Motley
8237628,Oklahoma_State,Payton__Hinkle,f,west,https://www.tfrrs.org/athletes/8237628/Oklahoma_State/Payton__Hinkle
9241363,Northern_Arizona,Tess_Hannigan,f,west,https://www.tfrrs.org/athletes/9241363/Northern_Arizona/Tess_Hannigan
8616365,UC_Irvine,Kaia_Schmidt,f,west,https://www.tfrrs.org/athletes/8616365/UC_Irvine/Kaia_Schmidt
8324611,Washington,Josephine_Welin,f,west,https://www.tfrrs.org/athletes/8324611/Washington/Josephine_Welin
8928419,Weber_State,Audrey_Cazier,f,west,https://www.tfrrs.org/athletes/8928419/Weber_State/Audrey_Cazier
8919743,Tulsa,Kathryn_Koonts,f,west,https://www.tfrrs.org/athletes/8919743/Tulsa/Kathryn_Koonts
8237221,Texas_AM,Emma_Little,f,west,https://www.tfrrs.org/athletes/8237221/Texas_AM/Emma_Little
8932239,Illinois,Kennady_Anderson,f,west,https://www.tfrrs.org/athletes/8932239/Illinois/Kennady_Anderson
8614669,UCLA,Ailish_Hawkins,f,west,https://www.tfrrs.org/athletes/8614669/UCLA/Ailish_Hawkins
8601483,Texas_Tech,Lily_Mather,f,west,https://www.tfrrs.org/athletes/8601483/Texas_Tech/Lily_Mather
9224491,BYU,River_White,f,west,https://www.tfrrs.org/athletes/9224491/BYU/River_White
8591349,Missouri_State,Ella_Cronhardt,f,west,https://www.tfrrs.org/athletes/8591349/Missouri_State/Ella_Cronhardt
8253495,UC_San_Diego,Emma_Dunmire,f,west,https://www.tfrrs.org/athletes/8253495/UC_San_Diego/Emma_Dunmire
8585645,Utah_Tech,Averie_Perriton,f,west,https://www.tfrrs.org/athletes/8585645/Utah_Tech/Averie_Perriton
9247594,San_Francisco,Rae_Le_Fay,f,west,https://www.tfrrs.org/athletes/9247594/San_Francisco/Rae_Le_Fay
9173493,UCLA,Evangeline_Marheineke,f,west,https://www.tfrrs.org/athletes/9173493/UCLA/Evangeline_Marheineke
7894471,Montana_State,Hannah_Perrin,f,west,https://www.tfrrs.org/athletes/7894471/Montana_State/Hannah_Perrin
7985440,Northern_Iowa,Millie_Hill,f,west,https://www.tfrrs.org/athletes/7985440/Northern_Iowa/Millie_Hill
8680442,Texas_AM,Morgan_Davis.html,f,west,https://www.tfrrs.org/athletes/8680442/Texas_AM/Morgan_Davis.html
8977033,USC,Olivia_Pace.html,f,west,https://www.tfrrs.org/athletes/8977033/USC/Olivia_Pace.html
8970031,TCU,Bryce_Brazzell.html,f,west,https://www.tfrrs.org/athletes/8970031/TCU/Bryce_Brazzell.html
8331843,Texas_Tech,Adriane_Nwonumah.html,f,west,https://www.tfrrs.org/athletes/8331843/Texas_Tech/Adriane_Nwonumah.html
9245150,Tarleton_State,Nellie_Wartanian.html,f,west,https://www.tfrrs.org/athletes/9245150/Tarleton_State/Nellie_Wartanian.html
8678538,Tarleton_State,Amandine_Estival.html,f,west,https://www.tfrrs.org/athletes/8678538/Tarleton_State/Amandine_Estival.html
9281629,Baylor,Jada_Edwards.html,f,west,https://www.tfrrs.org/athletes/9281629/Baylor/Jada_Edwards.html
8705616,TCU,Teanna_Harlin.html,f,west,https://www.tfrrs.org/athletes/8705616/TCU/Teanna_Harlin.html
8996995,UCLA,Kayla_Mcbride.html,f,west,https://www.tfrrs.org/athletes/8996995/UCLA/Kayla_Mcbride.html
8672717,Oregon,Brazil_Neal.html,f,west,https://www.tfrrs.org/athletes/8672717/Oregon/Brazil_Neal.html
8999124,Oregon,Niya_Clayton.html,f,west,https://www.tfrrs.org/athletes/8999124/Oregon/Niya_Clayton.html
9242755,UCLA,Madison_Fleming.html,f,west,https://www.tfrrs.org/athletes/9242755/UCLA/Madison_Fleming.html
9251350,Utah,Haley_Duvall.html,f,west,https://www.tfrrs.org/athletes/9251350/Utah/Haley_Duvall.html
9251348,Utah,Kinzlee_Riddle.html,f,west,https://www.tfrrs.org/athletes/9251348/Utah/Kinzlee_Riddle.html
8983981,Utah,Matejah_Mangum.html,f,west,https://www.tfrrs.org/athletes/8983981/Utah/Matejah_Mangum.html
8686104,Arizona,Brooke_Lyons.html,f,west,https://www.tfrrs.org/athletes/8686104/Arizona/Brooke_Lyons.html
9246001,TCU,Na&#39;Taja_Ballard.html,f,west,https://www.tfrrs.org/athletes/9246001/TCU/Na&#39;Taja_Ballard.html
9251354,Grand_Canyon,Hannah_Smith.html,f,west,https://www.tfrrs.org/athletes/9251354/Grand_Canyon/Hannah_Smith.html
8990135,Grand_Canyon,Nina_Thevenin.html,f,west,https://www.tfrrs.org/athletes/8990135/Grand_Canyon/Nina_Thevenin.html
8977549,Arizona,Zakiya_Hill.html,f,west,https://www.tfrrs.org/athletes/8977549/Arizona/Zakiya_Hill.html
8012458,UNLV,AnnaKay_Maitland.html,f,west,https://www.tfrrs.org/athletes/8012458/UNLV/AnnaKay_Maitland.html
9251404,UNLV,Mikah_Scott.html,f,west,https://www.tfrrs.org/athletes/9251404/UNLV/Mikah_Scott.html
8324338,Stanford,Alaysia_Oakes.html,f,west,https://www.tfrrs.org/athletes/8324338/Stanford/Alaysia_Oakes.html
9249470,Stanford,Samantha_Ennin.html,f,west,https://www.tfrrs.org/athletes/9249470/Stanford/Samantha_Ennin.html
8321719,Iowa,Alexandria_Edison.html,f,west,https://www.tfrrs.org/athletes/8321719/Iowa/Alexandria_Edison.html
8705615,TCU,Breanna_Harlin.html,f,west,https://www.tfrrs.org/athletes/8705615/TCU/Breanna_Harlin.html
8010046,Grand_Canyon,Atena_Rayson.html,f,west,https://www.tfrrs.org/athletes/8010046/Grand_Canyon/Atena_Rayson.html
8357224,Arizona,Emma_Gates.html,f,west,https://www.tfrrs.org/athletes/8357224/Arizona/Emma_Gates.html
8674128,Central_Arkansas,Troynelle_Miller.html,f,west,https://www.tfrrs.org/athletes/8674128/Central_Arkansas/Troynelle_Miller.html
9007288,Central_Arkansas,Baleigh_Cashion.html,f,west,https://www.tfrrs.org/athletes/9007288/Central_Arkansas/Baleigh_Cashion.html
8986542,BYU,Mikensi_Smith.html,f,west,https://www.tfrrs.org/athletes/8986542/BYU/Mikensi_Smith.html
8267986,BYU,Marianne_Barber.html,f,west,https://www.tfrrs.org/athletes/8267986/BYU/Marianne_Barber.html
8710849,Nebraska,Elo_Blessing_Okpah.html,f,west,https://www.tfrrs.org/athletes/8710849/Nebraska/Elo_Blessing_Okpah.html
8013312,Nebraska,Rajer_Gurode.html,f,west,https://www.tfrrs.org/athletes/8013312/Nebraska/Rajer_Gurode.html
8664451,Nebraska,Victoria_Aransiola.html,f,west,https://www.tfrrs.org/athletes/8664451/Nebraska/Victoria_Aransiola.html
8992896,Nebraska,Timeke-Jade_Coetzee.html,f,west,https://www.tfrrs.org/athletes/8992896/Nebraska/Timeke-Jade_Coetzee.html
9191398,UNLV,Alysiana_Winston.html,f,west,https://www.tfrrs.org/athletes/9191398/UNLV/Alysiana_Winston.html
8664747,Illinois,Elizabeth_Ndudi.html,f,west,https://www.tfrrs.org/athletes/8664747/Illinois/Elizabeth_Ndudi.html
9272243,Illinois,Katharina_Graman.html,f,west,https://www.tfrrs.org/athletes/9272243/Illinois/Katharina_Graman.html
9231043,Iowa,Izzy_Zahn.html,f,west,https://www.tfrrs.org/athletes/9231043/Iowa/Izzy_Zahn.html
9249467,Stanford,Elena_Cooper.html,f,west,https://www.tfrrs.org/athletes/9249467/Stanford/Elena_Cooper.html
9006016,San_Diego_State,Mikaela_Warr.html,f,west,https://www.tfrrs.org/athletes/9006016/San_Diego_State/Mikaela_Warr.html
9272642,San_Diego_State,Kelia_Bentham.html,f,west,https://www.tfrrs.org/athletes/9272642/San_Diego_State/Kelia_Bentham.html
8669752,San_Diego_State,Olivia_Hicks.html,f,west,https://www.tfrrs.org/athletes/8669752/San_Diego_State/Olivia_Hicks.html
8669755,San_Diego_State,Aji_Mbye.html,f,west,https://www.tfrrs.org/athletes/8669755/San_Diego_State/Aji_Mbye.html
8707735,UC_Irvine,Hallena_Sutherland.html,f,west,https://www.tfrrs.org/athletes/8707735/UC_Irvine/Hallena_Sutherland.html
9299346,UC_Irvine,Catalina_Teran.html,f,west,https://www.tfrrs.org/athletes/9299346/UC_Irvine/Catalina_Teran.html
9006013,San_Diego_State,Laraigh_Allen.html,f,west,https://www.tfrrs.org/athletes/9006013/San_Diego_State/Laraigh_Allen.html
8711230,Houston,Ruth_Agadama.html,f,west,https://www.tfrrs.org/athletes/8711230/Houston/Ruth_Agadama.html
8995142,Houston,Taylor_Jackson.html,f,west,https://www.tfrrs.org/athletes/8995142/Houston/Taylor_Jackson.html
9000482,Houston,Matilde_Ochoa.html,f,west,https://www.tfrrs.org/athletes/9000482/Houston/Matilde_Ochoa.html
9245377,Houston,Alexa_Smothers.html,f,west,https://www.tfrrs.org/athletes/9245377/Houston/Alexa_Smothers.html
8970086,Cal_St_Bakersfield,Rionna_Wallace.html,f,west,https://www.tfrrs.org/athletes/8970086/Cal_St_Bakersfield/Rionna_Wallace.html
9242154,Cal_St_Bakersfield,Teague_Marzetta.html,f,west,https://www.tfrrs.org/athletes/9242154/Cal_St_Bakersfield/Teague_Marzetta.html
9242155,Cal_St_Bakersfield,Chizitere_Okey_Dike.html,f,west,https://www.tfrrs.org/athletes/9242155/Cal_St_Bakersfield/Chizitere_Okey_Dike.html
9273198,San_Jose_State,Zoe_Ewell.html,f,west,https://www.tfrrs.org/athletes/9273198/San_Jose_State/Zoe_Ewell.html
8679076,San_Jose_State,Nakai_Johnson.html,f,west,https://www.tfrrs.org/athletes/8679076/San_Jose_State/Nakai_Johnson.html
8283545,San_Jose_State,Sharli&#39;e_McCuller.html,f,west,https://www.tfrrs.org/athletes/8283545/San_Jose_State/Sharli&#39;e_McCuller.html
9273241,San_Jose_State,Leila_Champion.html,f,west,https://www.tfrrs.org/athletes/9273241/San_Jose_State/Leila_Champion.html
8350628,Texas_Pan_American,Ashley_Lingueno.html,f,west,https://www.tfrrs.org/athletes/8350628/Texas_Pan_American/Ashley_Lingueno.html
9001369,Texas_Pan_American,Jizzale_Davis.html,f,west,https://www.tfrrs.org/athletes/9001369/Texas_Pan_American/Jizzale_Davis.html
9265577,Texas_Pan_American,Kaliyah_Poston.html,f,west,https://www.tfrrs.org/athletes/9265577/Texas_Pan_American/Kaliyah_Poston.html
9013344,Kansas_State,Ariana_Jackson.html,f,west,https://www.tfrrs.org/athletes/9013344/Kansas_State/Ariana_Jackson.html
8688398,Kansas_State,Maud_Zeffou-Poaty.html,f,west,https://www.tfrrs.org/athletes/8688398/Kansas_State/Maud_Zeffou-Poaty.html
9246848,Baylor,Alyssa_Jones.html,f,west,https://www.tfrrs.org/athletes/9246848/Baylor/Alyssa_Jones.html
8982897,Baylor,Nita_Koom-Dadzie.html,f,west,https://www.tfrrs.org/athletes/8982897/Baylor/Nita_Koom-Dadzie.html
8669244,UC_Riverside,Kendall_Dorton.html,f,west,https://www.tfrrs.org/athletes/8669244/UC_Riverside/Kendall_Dorton.html
8669247,UC_Riverside,Kamea_Hunter.html,f,west,https://www.tfrrs.org/athletes/8669247/UC_Riverside/Kamea_Hunter.html
8669243,UC_Riverside,Natalia_Carrillo.html,f,west,https://www.tfrrs.org/athletes/8669243/UC_Riverside/Natalia_Carrillo.html
8351018,UC_Riverside,Raykiyat_Olukoju.html,f,west,https://www.tfrrs.org/athletes/8351018/UC_Riverside/Raykiyat_Olukoju.html
8688383,Iowa,Olicia_Lucas.html,f,west,https://www.tfrrs.org/athletes/8688383/Iowa/Olicia_Lucas.html
8996319,Iowa_State,Karynne_David.html,f,west,https://www.tfrrs.org/athletes/8996319/Iowa_State/Karynne_David.html
7895329,Iowa_State,Emma_Vorpagel.html,f,west,https://www.tfrrs.org/athletes/7895329/Iowa_State/Emma_Vorpagel.html
8978227,Kansas,Ethel_Amissah.html,f,west,https://www.tfrrs.org/athletes/8978227/Kansas/Ethel_Amissah.html
8249791,Nebraska,Sakena_Massiah.html,f,west,https://www.tfrrs.org/athletes/8249791/Nebraska/Sakena_Massiah.html
9242761,UCLA,Gabriella_Taylor.html,f,west,https://www.tfrrs.org/athletes/9242761/UCLA/Gabriella_Taylor.html
9010251,New_Mexico,Sofia_Pineda.html,f,west,https://www.tfrrs.org/athletes/9010251/New_Mexico/Sofia_Pineda.html
8688388,Iowa,Arianna_Williams.html,f,west,https://www.tfrrs.org/athletes/8688388/Iowa/Arianna_Williams.html
7973958,Oklahoma_State,Annie_Molenhouse.html,f,west,https://www.tfrrs.org/athletes/7973958/Oklahoma_State/Annie_Molenhouse.html
8973170,Oklahoma_State,Madisyn_Jackson.html,f,west,https://www.tfrrs.org/athletes/8973170/Oklahoma_State/Madisyn_Jackson.html
8973167,Oklahoma_State,Kalen_Goodman.html,f,west,https://www.tfrrs.org/athletes/8973167/Oklahoma_State/Kalen_Goodman.html
8680435,Nebraska,Ava_Alexander.html,f,west,https://www.tfrrs.org/athletes/8680435/Nebraska/Ava_Alexander.html
9175547,Kansas_State,Anastasiia_Kretova.html,f,west,https://www.tfrrs.org/athletes/9175547/Kansas_State/Anastasiia_Kretova.html
8258981,Montana_State,Peyton_Garrison.html,f,west,https://www.tfrrs.org/athletes/8258981/Montana_State/Peyton_Garrison.html
9245391,Houston,Kamree_Wolridge.html,f,west,https://www.tfrrs.org/athletes/9245391/Houston/Kamree_Wolridge.html
8995135,Houston,Carlysia_Cresser.html,f,west,https://www.tfrrs.org/athletes/8995135/Houston/Carlysia_Cresser.html
8698758,Houston,Michaela_Mouton.html,f,west,https://www.tfrrs.org/athletes/8698758/Houston/Michaela_Mouton.html
9245378,Houston,Jada_Stanford.html,f,west,https://www.tfrrs.org/athletes/9245378/Houston/Jada_Stanford.html
9002112,Arizona_State,Alexia_Schofield.html,f,west,https://www.tfrrs.org/athletes/9002112/Arizona_State/Alexia_Schofield.html
9002113,Arizona_State,Taylor_Brown.html,f,west,https://www.tfrrs.org/athletes/9002113/Arizona_State/Taylor_Brown.html
9271928,Arizona_State,Aliyah_Canty.html,f,west,https://www.tfrrs.org/athletes/9271928/Arizona_State/Aliyah_Canty.html
8382354,UTSA,Fatoumata_Kabo.html,f,west,https://www.tfrrs.org/athletes/8382354/UTSA/Fatoumata_Kabo.html
8268216,UTSA,Shadae_Findley.html,f,west,https://www.tfrrs.org/athletes/8268216/UTSA/Shadae_Findley.html
8700917,UTSA,Ida_Breigan.html,f,west,https://www.tfrrs.org/athletes/8700917/UTSA/Ida_Breigan.html
8676318,Oklahoma,Nia_Parks.html,f,west,https://www.tfrrs.org/athletes/8676318/Oklahoma/Nia_Parks.html
7992416,Oklahoma,Jada_Atkinson.html,f,west,https://www.tfrrs.org/athletes/7992416/Oklahoma/Jada_Atkinson.html
9288447,Oklahoma,Gladys_David_Mumbe.html,f,west,https://www.tfrrs.org/athletes/9288447/Oklahoma/Gladys_David_Mumbe.html
8021681,Rice,Arayna_Mickles.html,f,west,https://www.tfrrs.org/athletes/8021681/Rice/Arayna_Mickles.html
8982900,Texas,Holly_Okuku.html,f,west,https://www.tfrrs.org/athletes/8982900/Texas/Holly_Okuku.html
9175542,Kansas_State,Delaney_Brinker.html,f,west,https://www.tfrrs.org/athletes/9175542/Kansas_State/Delaney_Brinker.html
9000470,Baylor,Aaryona_Kinchen.html,f,west,https://www.tfrrs.org/athletes/9000470/Baylor/Aaryona_Kinchen.html
8970033,TCU,Morgan_Maddox.html,f,west,https://www.tfrrs.org/athletes/8970033/TCU/Morgan_Maddox.html
8993883,Northern_Iowa,Jersey_Jones.html,f,west,https://www.tfrrs.org/athletes/8993883/Northern_Iowa/Jersey_Jones.html
8328863,Northern_Iowa,Darci_Wiseman.html,f,west,https://www.tfrrs.org/athletes/8328863/Northern_Iowa/Darci_Wiseman.html
9262292,Northern_Iowa,Emma_Randecker.html,f,west,https://www.tfrrs.org/athletes/9262292/Northern_Iowa/Emma_Randecker.html
8915764,Houston,Kali_Magana.html,f,west,https://www.tfrrs.org/athletes/8915764/Houston/Kali_Magana.html
9244130,Minnesota,Zeal_Kuku.html,f,west,https://www.tfrrs.org/athletes/9244130/Minnesota/Zeal_Kuku.html
8989814,Minnesota,Kitania_Headley.html,f,west,https://www.tfrrs.org/athletes/8989814/Minnesota/Kitania_Headley.html
8701620,Texas_Tech,Temitope_Adeshina,f,west,https://www.tfrrs.org/athletes/8701620/Texas_Tech/Temitope_Adeshina
8996991,UCLA,Valentina_Fakrogha,f,west,https://www.tfrrs.org/athletes/8996991/UCLA/Valentina_Fakrogha
8986659,Nebraska,Karsyn_Leeling,f,west,https://www.tfrrs.org/athletes/8986659/Nebraska/Karsyn_Leeling
8701627,Texas_Tech,Claire_Lowrey,f,west,https://www.tfrrs.org/athletes/8701627/Texas_Tech/Claire_Lowrey
8984502,Air_Force,Morgan_Glaser,f,west,https://www.tfrrs.org/athletes/8984502/Air_Force/Morgan_Glaser
8021683,Rice,Josie_Taylor,f,west,https://www.tfrrs.org/athletes/8021683/Rice/Josie_Taylor
8673951,Wichita_State,Jelese_Alexander,f,west,https://www.tfrrs.org/athletes/8673951/Wichita_State/Jelese_Alexander
8679706,Illinois,Rose_Yeboah,f,west,https://www.tfrrs.org/athletes/8679706/Illinois/Rose_Yeboah
8357227,Arizona,Paris_Mikinski,f,west,https://www.tfrrs.org/athletes/8357227/Arizona/Paris_Mikinski
9272249,Illinois,Siun_Quinn,f,west,https://www.tfrrs.org/athletes/9272249/Illinois/Siun_Quinn
9175543,Kansas_State,Zoey_Brinker,f,west,https://www.tfrrs.org/athletes/9175543/Kansas_State/Zoey_Brinker
9275849,Arizona,Kya_Crooke,f,west,https://www.tfrrs.org/athletes/9275849/Arizona/Kya_Crooke
9283757,Arkansas,Maria_Arboleda_Angulo,f,west,https://www.tfrrs.org/athletes/9283757/Arkansas/Maria_Arboleda_Angulo
9007177,Illinois,JaiCieonna_Gero-Holt,f,west,https://www.tfrrs.org/athletes/9007177/Illinois/JaiCieonna_Gero-Holt
9251340,Oklahoma,Hannah__Pfiffner,f,west,https://www.tfrrs.org/athletes/9251340/Oklahoma/Hannah__Pfiffner
8986663,Nebraska,Ela_Velepec,f,west,https://www.tfrrs.org/athletes/8986663/Nebraska/Ela_Velepec
8329424,Montana,Erin_Wilde,f,west,https://www.tfrrs.org/athletes/8329424/Montana/Erin_Wilde
8983915,Missouri,Marlena_Tresnjo,f,west,https://www.tfrrs.org/athletes/8983915/Missouri/Marlena_Tresnjo
9261183,Texas_AM,Bradie_Menegatti,f,west,https://www.tfrrs.org/athletes/9261183/Texas_AM/Bradie_Menegatti
7922383,New_Mexico,Ajia_Hughes,f,west,https://www.tfrrs.org/athletes/7922383/New_Mexico/Ajia_Hughes
8711246,Rice,Alice_Taylor,f,west,https://www.tfrrs.org/athletes/8711246/Rice/Alice_Taylor
8674949,Fresno_State,Elizabeth_Tarczy,f,west,https://www.tfrrs.org/athletes/8674949/Fresno_State/Elizabeth_Tarczy
9014584,Arkansas,Heidi_Hudson,f,west,https://www.tfrrs.org/athletes/9014584/Arkansas/Heidi_Hudson
9008524,Texas_AM,Milena_Chevallier,f,west,https://www.tfrrs.org/athletes/9008524/Texas_AM/Milena_Chevallier
9272244,Illinois,Emma_Haeggblom,f,west,https://www.tfrrs.org/athletes/9272244/Illinois/Emma_Haeggblom
9271935,Arizona_State,Claudina_Diaz,f,west,https://www.tfrrs.org/athletes/9271935/Arizona_State/Claudina_Diaz
8693678,North_Dakota_St,Arienne_Birch,f,west,https://www.tfrrs.org/athletes/8693678/North_Dakota_St/Arienne_Birch
7989006,Hawaii,Lilian_Turban,f,west,https://www.tfrrs.org/athletes/7989006/Hawaii/Lilian_Turban
8316974,Texas_Tech,Evelyn_Lavielle,f,west,https://www.tfrrs.org/athletes/8316974/Texas_Tech/Evelyn_Lavielle
8324125,Oregon_State,Dede_Norman,f,west,https://www.tfrrs.org/athletes/8324125/Oregon_State/Dede_Norman
8981314,Nebraska,Ava_Goetz,f,west,https://www.tfrrs.org/athletes/8981314/Nebraska/Ava_Goetz
8716783,UTSA,Edlin_Laur,f,west,https://www.tfrrs.org/athletes/8716783/UTSA/Edlin_Laur
9261391,Nebraska,EJ_Brown,f,west,https://www.tfrrs.org/athletes/9261391/Nebraska/EJ_Brown
8328865,Northern_Iowa,Katy__Stephens,f,west,https://www.tfrrs.org/athletes/8328865/Northern_Iowa/Katy__Stephens
9271922,Arizona_State,Grace_Cunningham,f,west,https://www.tfrrs.org/athletes/9271922/Arizona_State/Grace_Cunningham
8999688,UC_Irvine,Zharia_Taylor,f,west,https://www.tfrrs.org/athletes/8999688/UC_Irvine/Zharia_Taylor
8718380,UCLA,Hannah_Slover,f,west,https://www.tfrrs.org/athletes/8718380/UCLA/Hannah_Slover
7980944,Cal_Poly,Grace_Proudfoot,f,west,https://www.tfrrs.org/athletes/7980944/Cal_Poly/Grace_Proudfoot
8986974,UC_Santa_Barbara,Allison_Tito,f,west,https://www.tfrrs.org/athletes/8986974/UC_Santa_Barbara/Allison_Tito
9277513,Oregon,Liisa-Maria_Lusti,f,west,https://www.tfrrs.org/athletes/9277513/Oregon/Liisa-Maria_Lusti
8700923,UTSA,Mia_Lien,f,west,https://www.tfrrs.org/athletes/8700923/UTSA/Mia_Lien
8283541,Nevada,Hazel__Gaspaire,f,west,https://www.tfrrs.org/athletes/8283541/Nevada/Hazel__Gaspaire
8022726,East_Texas_A&amp;M,Jenneil_Jacobie,f,west,https://www.tfrrs.org/athletes/8022726/East_Texas_A&amp;M/Jenneil_Jacobie
8713888,Oklahoma_State,Kileigh_Mixon,f,west,https://www.tfrrs.org/athletes/8713888/Oklahoma_State/Kileigh_Mixon
9246954,Texas,Jeanne_Le_Goff,f,west,https://www.tfrrs.org/athletes/9246954/Texas/Jeanne_Le_Goff
8671718,Kansas,Mason_Meinershagen,f,west,https://www.tfrrs.org/athletes/8671718/Kansas/Mason_Meinershagen
9251341,Oklahoma,Brianna_Rivers,f,west,https://www.tfrrs.org/athletes/9251341/Oklahoma/Brianna_Rivers
9000473,Baylor,Logan_Todorovich,f,west,https://www.tfrrs.org/athletes/9000473/Baylor/Logan_Todorovich
8992468,North_Dakota,Anya_Williams,f,west,https://www.tfrrs.org/athletes/8992468/North_Dakota/Anya_Williams
8695426,Incarnate_Word,Isabella_Gonzalez-Velasquez,f,west,https://www.tfrrs.org/athletes/8695426/Incarnate_Word/Isabella_Gonzalez-Velasquez
9268906,Kansas_State,Lalie_Pouzancre-Hoyer,f,west,https://www.tfrrs.org/athletes/9268906/Kansas_State/Lalie_Pouzancre-Hoyer
8676762,Washington,Hana_Moll,f,west,https://www.tfrrs.org/athletes/8676762/Washington/Hana_Moll
8979360,South_Dakota,Anna_Willis,f,west,https://www.tfrrs.org/athletes/8979360/South_Dakota/Anna_Willis
8676761,Washington,Amanda_Moll,f,west,https://www.tfrrs.org/athletes/8676761/Washington/Amanda_Moll
7980255,South_Dakota,Marleen_Mulla,f,west,https://www.tfrrs.org/athletes/7980255/South_Dakota/Marleen_Mulla
8352192,California_CA,Ali_Sahaida,f,west,https://www.tfrrs.org/athletes/8352192/California_CA/Ali_Sahaida
8611975,Baylor,Molly_Haywood,f,west,https://www.tfrrs.org/athletes/8611975/Baylor/Molly_Haywood
8246603,Baylor,Tenly_Kuhn,f,west,https://www.tfrrs.org/athletes/8246603/Baylor/Tenly_Kuhn
8345667,Illinois,Mia_Morello,f,west,https://www.tfrrs.org/athletes/8345667/Illinois/Mia_Morello
8354288,Oregon,Emily_Fitzsimmons,f,west,https://www.tfrrs.org/athletes/8354288/Oregon/Emily_Fitzsimmons
9242760,UCLA,Paige_Sommers,f,west,https://www.tfrrs.org/athletes/9242760/UCLA/Paige_Sommers
8611976,Baylor,Alencia_Lentz,f,west,https://www.tfrrs.org/athletes/8611976/Baylor/Alencia_Lentz
9239381,Washington,Veronica_Vacca,f,west,https://www.tfrrs.org/athletes/9239381/Washington/Veronica_Vacca
8978244,Kansas,Madison_Snody,f,west,https://www.tfrrs.org/athletes/8978244/Kansas/Madison_Snody
9234727,Grand_Canyon,Tatum_Moku,f,west,https://www.tfrrs.org/athletes/9234727/Grand_Canyon/Tatum_Moku
8355014,Cal_Poly,Lexi_Evans,f,west,https://www.tfrrs.org/athletes/8355014/Cal_Poly/Lexi_Evans
8986660,Oklahoma,Jacelyn_Neighbors,f,west,https://www.tfrrs.org/athletes/8986660/Oklahoma/Jacelyn_Neighbors
9234725,Grand_Canyon,Eva_Lowder,f,west,https://www.tfrrs.org/athletes/9234725/Grand_Canyon/Eva_Lowder
8673560,Nebraska,Arina_Razina,f,west,https://www.tfrrs.org/athletes/8673560/Nebraska/Arina_Razina
9272250,Illinois,Anastasia_Retsa,f,west,https://www.tfrrs.org/athletes/9272250/Illinois/Anastasia_Retsa
8676484,Minnesota,Sofia__Condon,f,west,https://www.tfrrs.org/athletes/8676484/Minnesota/Sofia__Condon
7888827,BYU,Cailee_Faulkner,f,west,https://www.tfrrs.org/athletes/7888827/BYU/Cailee_Faulkner
9261182,Texas_AM,Lily_Carlson,f,west,https://www.tfrrs.org/athletes/9261182/Texas_AM/Lily_Carlson
8995008,BYU,Abbie_Scott,f,west,https://www.tfrrs.org/athletes/8995008/BYU/Abbie_Scott
9279269,San_Diego_State,Isabella_Nilsen,f,west,https://www.tfrrs.org/athletes/9279269/San_Diego_State/Isabella_Nilsen
8995144,Houston,Evgenia_Maria_Panagiotou,f,west,https://www.tfrrs.org/athletes/8995144/Houston/Evgenia_Maria_Panagiotou
8324597,Washington,Sara_Borton,f,west,https://www.tfrrs.org/athletes/8324597/Washington/Sara_Borton
9287050,New_Mexico,Mackenzie_Hurtubise,f,west,https://www.tfrrs.org/athletes/9287050/New_Mexico/Mackenzie_Hurtubise
8678347,South_Dakota,Eliza_Aitken,f,west,https://www.tfrrs.org/athletes/8678347/South_Dakota/Eliza_Aitken
8681091,Montana_State,Tatum_Richards,f,west,https://www.tfrrs.org/athletes/8681091/Montana_State/Tatum_Richards
8666948,Arkansas_State,Carly_Pujol,f,west,https://www.tfrrs.org/athletes/8666948/Arkansas_State/Carly_Pujol
8701624,Texas_Tech,Kashlee_Dickinson,f,west,https://www.tfrrs.org/athletes/8701624/Texas_Tech/Kashlee_Dickinson
8973152,St_Thomas,Brooke_Wisdom,f,west,https://www.tfrrs.org/athletes/8973152/St_Thomas/Brooke_Wisdom
8364038,Texas_AM,Ava_Riche,f,west,https://www.tfrrs.org/athletes/8364038/Texas_AM/Ava_Riche
9242754,UCLA,Paige_Echsner,f,west,https://www.tfrrs.org/athletes/9242754/UCLA/Paige_Echsner
8283672,Oklahoma,Tessani_Foster,f,west,https://www.tfrrs.org/athletes/8283672/Oklahoma/Tessani_Foster
9257615,Air_Force,Julie_Segroves,f,west,https://www.tfrrs.org/athletes/9257615/Air_Force/Julie_Segroves
9273988,Cal_Poly,Astrid_Teran,f,west,https://www.tfrrs.org/athletes/9273988/Cal_Poly/Astrid_Teran
8258982,Montana_State,Libby_Hansen,f,west,https://www.tfrrs.org/athletes/8258982/Montana_State/Libby_Hansen
7984424,Montana,Shealyne_McGee,f,west,https://www.tfrrs.org/athletes/7984424/Montana/Shealyne_McGee
9022131,Oklahoma,Emily__Cloutier,f,west,https://www.tfrrs.org/athletes/9022131/Oklahoma/Emily__Cloutier
8988996,Wichita_State,Shellamae_Farmer,f,west,https://www.tfrrs.org/athletes/8988996/Wichita_State/Shellamae_Farmer
9262386,Utah_State,Karina_Cooper,f,west,https://www.tfrrs.org/athletes/9262386/Utah_State/Karina_Cooper
8324612,Washington,Avril_Wilson,f,west,https://www.tfrrs.org/athletes/8324612/Washington/Avril_Wilson
8694275,Arizona,Olivia_Dillon,f,west,https://www.tfrrs.org/athletes/8694275/Arizona/Olivia_Dillon
9283811,Arkansas,Hannah_Estes,f,west,https://www.tfrrs.org/athletes/9283811/Arkansas/Hannah_Estes
9290988,Houston,Arianna_Peroni,f,west,https://www.tfrrs.org/athletes/9290988/Houston/Arianna_Peroni
7978914,Oklahoma_State,Lauren_Smith,f,west,https://www.tfrrs.org/athletes/7978914/Oklahoma_State/Lauren_Smith
8669430,St_Thomas,Morgan_Koppelman,f,west,https://www.tfrrs.org/athletes/8669430/St_Thomas/Morgan_Koppelman
8998439,Long_Beach_St,Jonelle_Scott,f,west,https://www.tfrrs.org/athletes/8998439/Long_Beach_St/Jonelle_Scott
8690812,Utah_State,Sabrina_Fairbanks,f,west,https://www.tfrrs.org/athletes/8690812/Utah_State/Sabrina_Fairbanks
8710991,Arizona_State,Alexandria_Johnson,f,west,https://www.tfrrs.org/athletes/8710991/Arizona_State/Alexandria_Johnson
8816560,Arizona,Sydnie_Vanek,f,west,https://www.tfrrs.org/athletes/8816560/Arizona/Sydnie_Vanek
9188930,SMU,Cleo_Martin-Evans,f,west,https://www.tfrrs.org/athletes/9188930/SMU/Cleo_Martin-Evans
7978717,UCLA,Sydney_Johnson,f,west,https://www.tfrrs.org/athletes/7978717/UCLA/Sydney_Johnson
8980286,Arkansas_State,Kiara_Strayhorn,f,west,https://www.tfrrs.org/athletes/8980286/Arkansas_State/Kiara_Strayhorn
7992221,Iowa_State,Sydney_Willits,f,west,https://www.tfrrs.org/athletes/7992221/Iowa_State/Sydney_Willits
9011652,Kansas_State,Aaliyah_Lindsay,f,west,https://www.tfrrs.org/athletes/9011652/Kansas_State/Aaliyah_Lindsay
9366613,Creighton,Trinity_Shadd-Ceres,f,west,https://www.tfrrs.org/athletes/9366613/Creighton/Trinity_Shadd-Ceres
8331844,Texas_Tech,Tamiah_Washington,f,west,https://www.tfrrs.org/athletes/8331844/Texas_Tech/Tamiah_Washington
8699144,USC,Alyssa_Hope,f,west,https://www.tfrrs.org/athletes/8699144/USC/Alyssa_Hope
8690932,Milwaukee,Anna_Szepieniec,f,west,https://www.tfrrs.org/athletes/8690932/Milwaukee/Anna_Szepieniec
9272252,Illinois,Romi_Tamir,f,west,https://www.tfrrs.org/athletes/9272252/Illinois/Romi_Tamir
8978240,Kansas,Kori_Randle,f,west,https://www.tfrrs.org/athletes/8978240/Kansas/Kori_Randle
8994047,Sam_Houston,Nia_Thompson,f,west,https://www.tfrrs.org/athletes/8994047/Sam_Houston/Nia_Thompson
8676763,Washington,Ava_Washburn,f,west,https://www.tfrrs.org/athletes/8676763/Washington/Ava_Washburn
8343534,USC,Lauren_Reed,f,west,https://www.tfrrs.org/athletes/8343534/USC/Lauren_Reed
8978245,Kansas,Richelle_Stanley,f,west,https://www.tfrrs.org/athletes/8978245/Kansas/Richelle_Stanley
8691988,Eastern_Illinois,Abby_Venhaus,f,west,https://www.tfrrs.org/athletes/8691988/Eastern_Illinois/Abby_Venhaus
9011645,Kansas_State,Chisom_Nwafor,f,west,https://www.tfrrs.org/athletes/9011645/Kansas_State/Chisom_Nwafor
8351002,UC_Riverside,Chelsea_Aninyei,f,west,https://www.tfrrs.org/athletes/8351002/UC_Riverside/Chelsea_Aninyei
8283682,Oklahoma,Agur__Dwol,f,west,https://www.tfrrs.org/athletes/8283682/Oklahoma/Agur__Dwol
8364380,UC_Davis,Kylee_Davis,f,west,https://www.tfrrs.org/athletes/8364380/UC_Davis/Kylee_Davis
8589451,Oklahoma,Kendall_Johnson,f,west,https://www.tfrrs.org/athletes/8589451/Oklahoma/Kendall_Johnson
8010044,Oklahoma,Nebtom_N&#39;Da,f,west,https://www.tfrrs.org/athletes/8010044/Oklahoma/Nebtom_N&#39;Da
9251344,Oklahoma,Kassidi_Watkins,f,west,https://www.tfrrs.org/athletes/9251344/Oklahoma/Kassidi_Watkins
9019090,Texas_AM,Machaeda_Linton,f,west,https://www.tfrrs.org/athletes/9019090/Texas_AM/Machaeda_Linton
9009628,Oklahoma_State,Zeddy_Chongwo,f,west,https://www.tfrrs.org/athletes/9009628/Oklahoma_State/Zeddy_Chongwo
8998297,UTSA,Brina_Likar,f,west,https://www.tfrrs.org/athletes/8998297/UTSA/Brina_Likar
8024893,San_Diego_State,Xiamara_Young,f,west,https://www.tfrrs.org/athletes/8024893/San_Diego_State/Xiamara_Young
9231045,Iowa,Lovisa__Ulvenstam,f,west,https://www.tfrrs.org/athletes/9231045/Iowa/Lovisa__Ulvenstam
8707639,UC_Irvine,Kailah_McKenzie,f,west,https://www.tfrrs.org/athletes/8707639/UC_Irvine/Kailah_McKenzie
9287599,California_CA,Caitlyn_Johnson,f,west,https://www.tfrrs.org/athletes/9287599/California_CA/Caitlyn_Johnson
9253579,Texas_Tech,Olga__Szlachta,f,west,https://www.tfrrs.org/athletes/9253579/Texas_Tech/Olga__Szlachta
9278593,Texas_Arlington,Arieanna_McPeak,f,west,https://www.tfrrs.org/athletes/9278593/Texas_Arlington/Arieanna_McPeak
7988930,Boise_State,Emily_Stefan,f,west,https://www.tfrrs.org/athletes/7988930/Boise_State/Emily_Stefan
8999122,Oregon,Cassandra_Atkins,f,west,https://www.tfrrs.org/athletes/8999122/Oregon/Cassandra_Atkins
9399826,Oregon,Sharifa_Davronova,f,west,https://www.tfrrs.org/athletes/9399826/Oregon/Sharifa_Davronova
8688389,Kansas_State,Daniela__Wamokpego,f,west,https://www.tfrrs.org/athletes/8688389/Kansas_State/Daniela__Wamokpego
7718660,Nebraska,Rhianna_Phipps,f,west,https://www.tfrrs.org/athletes/7718660/Nebraska/Rhianna_Phipps
9175550,Kansas_State,Destini_Smith,f,west,https://www.tfrrs.org/athletes/9175550/Kansas_State/Destini_Smith
8010035,Grand_Canyon,Taryn_Burkett,f,west,https://www.tfrrs.org/athletes/8010035/Grand_Canyon/Taryn_Burkett
9271920,Arizona_State,Aliyah_Adams,f,west,https://www.tfrrs.org/athletes/9271920/Arizona_State/Aliyah_Adams
9242313,Houston,Shi&#39;eana_Hall,f,west,https://www.tfrrs.org/athletes/9242313/Houston/Shi&#39;eana_Hall
8336198,Minnesota,Diarra_Sow,f,west,https://www.tfrrs.org/athletes/8336198/Minnesota/Diarra_Sow
8011521,Oklahoma,Riley_Ammenhauser,f,west,https://www.tfrrs.org/athletes/8011521/Oklahoma/Riley_Ammenhauser
9011653,Kansas_State,Taylor_Mayo,f,west,https://www.tfrrs.org/athletes/9011653/Kansas_State/Taylor_Mayo
8711995,Texas_Tech,Grace_Oshiokpu,f,west,https://www.tfrrs.org/athletes/8711995/Texas_Tech/Grace_Oshiokpu
8021682,Rice,Savannah_Simms,f,west,https://www.tfrrs.org/athletes/8021682/Rice/Savannah_Simms
8343536,USC,Jada_Foreman,f,west,https://www.tfrrs.org/athletes/8343536/USC/Jada_Foreman
9239509,Northern_Colorado,Camaria_Corder,f,west,https://www.tfrrs.org/athletes/9239509/Northern_Colorado/Camaria_Corder
9250772,UTSA,Nyariek_Kur,f,west,https://www.tfrrs.org/athletes/9250772/UTSA/Nyariek_Kur
7716014,Kansas_State,Tesia_Thomas,f,west,https://www.tfrrs.org/athletes/7716014/Kansas_State/Tesia_Thomas
9188928,SMU,Lotta_Edzards,f,west,https://www.tfrrs.org/athletes/9188928/SMU/Lotta_Edzards
9316930,Arizona,Anja_Maraz,f,west,https://www.tfrrs.org/athletes/9316930/Arizona/Anja_Maraz
8238066,SMU,Hedda_Kvalvag,f,west,https://www.tfrrs.org/athletes/8238066/SMU/Hedda_Kvalvag
8693352,UC_San_Diego,Tamara_Aimufia,f,west,https://www.tfrrs.org/athletes/8693352/UC_San_Diego/Tamara_Aimufia
8716141,Oklahoma,Taylor_Fingers,f,west,https://www.tfrrs.org/athletes/8716141/Oklahoma/Taylor_Fingers
8373743,Hawaii,Tara_Wyllie,f,west,https://www.tfrrs.org/athletes/8373743/Hawaii/Tara_Wyllie
8847878,UCLA,Mackenzie_Kirk,f,west,https://www.tfrrs.org/athletes/8847878/UCLA/Mackenzie_Kirk
9273204,San_Jose_State,Audrey_McElmurry,f,west,https://www.tfrrs.org/athletes/9273204/San_Jose_State/Audrey_McElmurry
9235876,Little_Rock,Jordan__Morgan,f,west,https://www.tfrrs.org/athletes/9235876/Little_Rock/Jordan__Morgan
8363471,Lamar,Ke&#39;Asia_Hall,f,west,https://www.tfrrs.org/athletes/8363471/Lamar/Ke&#39;Asia_Hall
8994355,Cal_St_Northridge,Camryn_Harris,f,west,https://www.tfrrs.org/athletes/8994355/Cal_St_Northridge/Camryn_Harris
8336196,Minnesota,Brooke_Moore,f,west,https://www.tfrrs.org/athletes/8336196/Minnesota/Brooke_Moore
8946556,Northern_Illinois,Precious_Umukoro,f,west,https://www.tfrrs.org/athletes/8946556/Northern_Illinois/Precious_Umukoro
8970032,TCU,Alleah_Krote,f,west,https://www.tfrrs.org/athletes/8970032/TCU/Alleah_Krote
8999123,Oregon,Maleigha_Canaday-Elliott,f,west,https://www.tfrrs.org/athletes/8999123/Oregon/Maleigha_Canaday-Elliott
9261393,Nebraska,Whitney_Robinson,f,west,https://www.tfrrs.org/athletes/9261393/Nebraska/Whitney_Robinson
8331577,DePaul,Jaiah_Hopf,f,west,https://www.tfrrs.org/athletes/8331577/DePaul/Jaiah_Hopf
8360392,UC_Santa_Barbara,Kennedy__Johnson,f,west,https://www.tfrrs.org/athletes/8360392/UC_Santa_Barbara/Kennedy__Johnson
8683685,Wisconsin,Elissa__Perkins,f,west,https://www.tfrrs.org/athletes/8683685/Wisconsin/Elissa__Perkins
9287598,California_CA,Avery_Hart,f,west,https://www.tfrrs.org/athletes/9287598/California_CA/Avery_Hart
9238143,Missouri_State,Shiloh_Cross,f,west,https://www.tfrrs.org/athletes/9238143/Missouri_State/Shiloh_Cross
7977784,Nebraska,Axelina_Johansson,f,west,https://www.tfrrs.org/athletes/7977784/Nebraska/Axelina_Johansson
8977029,USC,Ashley_Erasmus,f,west,https://www.tfrrs.org/athletes/8977029/USC/Ashley_Erasmus
8336189,Minnesota,Anthonett_Nabwe,f,west,https://www.tfrrs.org/athletes/8336189/Minnesota/Anthonett_Nabwe
7985915,Nebraska,Mine_De_Klerk,f,west,https://www.tfrrs.org/athletes/7985915/Nebraska/Mine_De_Klerk
7974404,Colorado_State,Makayla_Long,f,west,https://www.tfrrs.org/athletes/7974404/Colorado_State/Makayla_Long
9261392,Nebraska,Jolina_Lange,f,west,https://www.tfrrs.org/athletes/9261392/Nebraska/Jolina_Lange
8681078,Montana_State,Sydney_Brewster,f,west,https://www.tfrrs.org/athletes/8681078/Montana_State/Sydney_Brewster
7990416,Wisconsin,Danni_Langseth,f,west,https://www.tfrrs.org/athletes/7990416/Wisconsin/Danni_Langseth
8990635,Nebraska,Donna_Douglas,f,west,https://www.tfrrs.org/athletes/8990635/Nebraska/Donna_Douglas
8019720,Nebraska,Amelia_Flynt,f,west,https://www.tfrrs.org/athletes/8019720/Nebraska/Amelia_Flynt
8992617,Drake,Maud_Visscher,f,west,https://www.tfrrs.org/athletes/8992617/Drake/Maud_Visscher
9250905,UTSA,Daisy_Monie,f,west,https://www.tfrrs.org/athletes/9250905/UTSA/Daisy_Monie
9246063,Oregon,Alicia_Khunou,f,west,https://www.tfrrs.org/athletes/9246063/Oregon/Alicia_Khunou
8701629,Texas_Tech,Amori_Pierson,f,west,https://www.tfrrs.org/athletes/8701629/Texas_Tech/Amori_Pierson
9006140,Houston,Cleo_Agyepong,f,west,https://www.tfrrs.org/athletes/9006140/Houston/Cleo_Agyepong
8339449,Texas_State,Sophia_Haberer,f,west,https://www.tfrrs.org/athletes/8339449/Texas_State/Sophia_Haberer
9018352,Texas_State,Hannah_Kemele,f,west,https://www.tfrrs.org/athletes/9018352/Texas_State/Hannah_Kemele
9016407,California_CA,Lucija_Leko,f,west,https://www.tfrrs.org/athletes/9016407/California_CA/Lucija_Leko
7978732,Arkansas_State,Selase_Sampram,f,west,https://www.tfrrs.org/athletes/7978732/Arkansas_State/Selase_Sampram
8694272,Arizona,Haedyn_Bambolo,f,west,https://www.tfrrs.org/athletes/8694272/Arizona/Haedyn_Bambolo
8669040,Colorado_State,Erin_Brown,f,west,https://www.tfrrs.org/athletes/8669040/Colorado_State/Erin_Brown
9013623,Oklahoma,Tyley_Dotson,f,west,https://www.tfrrs.org/athletes/9013623/Oklahoma/Tyley_Dotson
8958126,Wisconsin,Hadley_Lucas,f,west,https://www.tfrrs.org/athletes/8958126/Wisconsin/Hadley_Lucas
8666940,UTSA,Nyaluet_Diew,f,west,https://www.tfrrs.org/athletes/8666940/UTSA/Nyaluet_Diew
9256476,Texas_AM_CC,Natalia_Rankin-Chitar,f,west,https://www.tfrrs.org/athletes/9256476/Texas_AM_CC/Natalia_Rankin-Chitar
8357225,Arizona,Tapenisa_Havea,f,west,https://www.tfrrs.org/athletes/8357225/Arizona/Tapenisa_Havea
8362394,New_Mexico_State,Alesha_Lane,f,west,https://www.tfrrs.org/athletes/8362394/New_Mexico_State/Alesha_Lane
8710585,Texas_AM,Carlie_Weiser,f,west,https://www.tfrrs.org/athletes/8710585/Texas_AM/Carlie_Weiser
8691953,Nebraska,Sage_Burbach,f,west,https://www.tfrrs.org/athletes/8691953/Nebraska/Sage_Burbach
8995140,Houston,Sydney_Freeman,f,west,https://www.tfrrs.org/athletes/8995140/Houston/Sydney_Freeman
8710083,Arizona_State,Ines_Lopez,f,west,https://www.tfrrs.org/athletes/8710083/Arizona_State/Ines_Lopez
8974013,Utah_Valley,Grace_Degarimore,f,west,https://www.tfrrs.org/athletes/8974013/Utah_Valley/Grace_Degarimore
8975793,Oregon_State,Beatrice_Pettersson,f,west,https://www.tfrrs.org/athletes/8975793/Oregon_State/Beatrice_Pettersson
8358314,UC_Irvine,Nyla_Baker,f,west,https://www.tfrrs.org/athletes/8358314/UC_Irvine/Nyla_Baker
9001371,Texas_Pan_American,Efe_Latham,f,west,https://www.tfrrs.org/athletes/9001371/Texas_Pan_American/Efe_Latham
9246956,Texas,Giavonna_Meeks,f,west,https://www.tfrrs.org/athletes/9246956/Texas/Giavonna_Meeks
8674460,Kansas_City,Naomi_Eyanagho,f,west,https://www.tfrrs.org/athletes/8674460/Kansas_City/Naomi_Eyanagho
8667203,Wisconsin,Zonica_Lindeque,f,west,https://www.tfrrs.org/athletes/8667203/Wisconsin/Zonica_Lindeque
9272238,Illinois,Oluwatomilayo_Akintunde,f,west,https://www.tfrrs.org/athletes/9272238/Illinois/Oluwatomilayo_Akintunde
8321724,Iowa,Wisdom_Williams,f,west,https://www.tfrrs.org/athletes/8321724/Iowa/Wisdom_Williams
7888832,BYU,Ku&#39;upualili_Pili,f,west,https://www.tfrrs.org/athletes/7888832/BYU/Ku&#39;upualili_Pili
8380325,UC_San_Diego,Feyi_Olukanni,f,west,https://www.tfrrs.org/athletes/8380325/UC_San_Diego/Feyi_Olukanni
9012860,Abilene_Christian,Mariana_van_Dyk,f,west,https://www.tfrrs.org/athletes/9012860/Abilene_Christian/Mariana_van_Dyk
9249471,Stanford,Julia_Lemmon,f,west,https://www.tfrrs.org/athletes/9249471/Stanford/Julia_Lemmon
8699666,New_Mexico_State,Kamryn_Cadle,f,west,https://www.tfrrs.org/athletes/8699666/New_Mexico_State/Kamryn_Cadle
8986662,Nebraska,Lauren_StPeters,f,west,https://www.tfrrs.org/athletes/8986662/Nebraska/Lauren_StPeters
9003279,North_Texas,Ava_Roberts,f,west,https://www.tfrrs.org/athletes/9003279/North_Texas/Ava_Roberts
8705619,TCU,Serina_Ramirez,f,west,https://www.tfrrs.org/athletes/8705619/TCU/Serina_Ramirez
9246064,Oregon,Taylor_Wiseman,f,west,https://www.tfrrs.org/athletes/9246064/Oregon/Taylor_Wiseman
8994362,Cal_St_Northridge,Summer_Mosley,f,west,https://www.tfrrs.org/athletes/8994362/Cal_St_Northridge/Summer_Mosley
7983886,Colorado_State,Klaire_Kovatch,f,west,https://www.tfrrs.org/athletes/7983886/Colorado_State/Klaire_Kovatch
9277515,Oregon,Marie_Josee_Bovele_Linaka,f,west,https://www.tfrrs.org/athletes/9277515/Oregon/Marie_Josee_Bovele_Linaka
8710581,Texas_AM,Abigail_Martin,f,west,https://www.tfrrs.org/athletes/8710581/Texas_AM/Abigail_Martin
8325462,Colorado_State,Kajsa_Borrman,f,west,https://www.tfrrs.org/athletes/8325462/Colorado_State/Kajsa_Borrman
7988049,Wisconsin,Taylor_Kesner,f,west,https://www.tfrrs.org/athletes/7988049/Wisconsin/Taylor_Kesner
8699142,USC,Reese_Garland,f,west,https://www.tfrrs.org/athletes/8699142/USC/Reese_Garland
7980294,Stanford,Brandy_Atuatasi,f,west,https://www.tfrrs.org/athletes/7980294/Stanford/Brandy_Atuatasi
8676751,Stanford,Emma_Sralla,f,west,https://www.tfrrs.org/athletes/8676751/Stanford/Emma_Sralla
8320103,Kansas,Sofia_Sluchaninova,f,west,https://www.tfrrs.org/athletes/8320103/Kansas/Sofia_Sluchaninova
8004016,Cal_St_Northridge,Katherine_Shipp-Davis,f,west,https://www.tfrrs.org/athletes/8004016/Cal_St_Northridge/Katherine_Shipp-Davis
9013624,Oklahoma,Chesni_Scott,f,west,https://www.tfrrs.org/athletes/9013624/Oklahoma/Chesni_Scott
7980295,BYU,Kaiah_Fisher,f,west,https://www.tfrrs.org/athletes/7980295/BYU/Kaiah_Fisher
8023472,Missouri,Ames_Burton,f,west,https://www.tfrrs.org/athletes/8023472/Missouri/Ames_Burton
8324121,Oregon_State,Katie_Gelston,f,west,https://www.tfrrs.org/athletes/8324121/Oregon_State/Katie_Gelston
8331837,Texas_Tech,McKenzie_Davis,f,west,https://www.tfrrs.org/athletes/8331837/Texas_Tech/McKenzie_Davis
8351019,USC,Karyssa_Owens,f,west,https://www.tfrrs.org/athletes/8351019/USC/Karyssa_Owens
8012454,UNLV,Roxene_Simpson,f,west,https://www.tfrrs.org/athletes/8012454/UNLV/Roxene_Simpson
9244134,Minnesota,Rejoice_Agbewodie,f,west,https://www.tfrrs.org/athletes/9244134/Minnesota/Rejoice_Agbewodie
9360983,Texas_State,Cassandra_Rendon,f,west,https://www.tfrrs.org/athletes/9360983/Texas_State/Cassandra_Rendon
8708600,East_Texas_A&amp;M,Romi_Griese,f,west,https://www.tfrrs.org/athletes/8708600/East_Texas_A&amp;M/Romi_Griese
9286292,North_Texas,Olivia__Hildebrand,f,west,https://www.tfrrs.org/athletes/9286292/North_Texas/Olivia__Hildebrand
8308474,Hawaii,Samaria_Vital,f,west,https://www.tfrrs.org/athletes/8308474/Hawaii/Samaria_Vital
7977799,Iowa_State,Betty_Rosvold,f,west,https://www.tfrrs.org/athletes/7977799/Iowa_State/Betty_Rosvold
9263252,Wisconsin,Vasiliki_Samolada,f,west,https://www.tfrrs.org/athletes/9263252/Wisconsin/Vasiliki_Samolada
9251136,Colorado_State,Jet_Van_Der_Heijden,f,west,https://www.tfrrs.org/athletes/9251136/Colorado_State/Jet_Van_Der_Heijden
8984283,Colorado_State,Katy_Taylor,f,west,https://www.tfrrs.org/athletes/8984283/Colorado_State/Katy_Taylor
8004248,Cal_Poly,Isabella__Rigby,f,west,https://www.tfrrs.org/athletes/8004248/Cal_Poly/Isabella__Rigby
8978238,Kansas,Kathryn_Meacham,f,west,https://www.tfrrs.org/athletes/8978238/Kansas/Kathryn_Meacham
8699955,Cal_St_Northridge,Amani_Britton,f,west,https://www.tfrrs.org/athletes/8699955/Cal_St_Northridge/Amani_Britton
8339459,Texas_State,Elisabet_Rut_Runarsdottir,f,west,https://www.tfrrs.org/athletes/8339459/Texas_State/Elisabet_Rut_Runarsdottir
8336191,Minnesota,Hadley_Streit,f,west,https://www.tfrrs.org/athletes/8336191/Minnesota/Hadley_Streit
9016411,California_CA,Valentina_Savva,f,west,https://www.tfrrs.org/athletes/9016411/California_CA/Valentina_Savva
8030181,Illinois,Phethisang_Makhethe,f,west,https://www.tfrrs.org/athletes/8030181/Illinois/Phethisang_Makhethe
8709403,Texas_State,Lara_Roberts,f,west,https://www.tfrrs.org/athletes/8709403/Texas_State/Lara_Roberts
9250536,Oklahoma_State,Burklie__Burton,f,west,https://www.tfrrs.org/athletes/9250536/Oklahoma_State/Burklie__Burton
8664746,Illinois,Jordan__Koskondy,f,west,https://www.tfrrs.org/athletes/8664746/Illinois/Jordan__Koskondy
8996336,Iowa_State,Candra_King,f,west,https://www.tfrrs.org/athletes/8996336/Iowa_State/Candra_King
8283680,Oklahoma,Kennedy_Clarke,f,west,https://www.tfrrs.org/athletes/8283680/Oklahoma/Kennedy_Clarke
8721011,California_CA,Adrianna__Coleman,f,west,https://www.tfrrs.org/athletes/8721011/California_CA/Adrianna__Coleman
8357564,California_CA,Audrey_Jacobs,f,west,https://www.tfrrs.org/athletes/8357564/California_CA/Audrey_Jacobs
8312006,Oklahoma_State,Rachel_Neaves,f,west,https://www.tfrrs.org/athletes/8312006/Oklahoma_State/Rachel_Neaves
8674123,Central_Arkansas,Joia_Perry,f,west,https://www.tfrrs.org/athletes/8674123/Central_Arkansas/Joia_Perry
8973171,Oklahoma_State,Rylee__Jenkins,f,west,https://www.tfrrs.org/athletes/8973171/Oklahoma_State/Rylee__Jenkins
8986908,Tarleton_State,Tayler_Wessely,f,west,https://www.tfrrs.org/athletes/8986908/Tarleton_State/Tayler_Wessely
7726207,Fresno_State,Zoe_Yeast,f,west,https://www.tfrrs.org/athletes/7726207/Fresno_State/Zoe_Yeast
9281011,Kansas,Barbora_Stejfova,f,west,https://www.tfrrs.org/athletes/9281011/Kansas/Barbora_Stejfova
9199672,Boise_State,Victoria_Lotz,f,west,https://www.tfrrs.org/athletes/9199672/Boise_State/Victoria_Lotz
7980269,South_Dakota,Delaney_Smith,f,west,https://www.tfrrs.org/athletes/7980269/South_Dakota/Delaney_Smith
7975808,Drake,Centaine_Noom-Duckworth,f,west,https://www.tfrrs.org/athletes/7975808/Drake/Centaine_Noom-Duckworth
8023469,Missouri,Petra_Gombas,f,west,https://www.tfrrs.org/athletes/8023469/Missouri/Petra_Gombas
8688394,Iowa,Peyton__Wilson,f,west,https://www.tfrrs.org/athletes/8688394/Iowa/Peyton__Wilson
7499758,Texas_AM,Jayla_Hooper,f,west,https://www.tfrrs.org/athletes/7499758/Texas_AM/Jayla_Hooper
9231044,Iowa,Josephine__Flynt,f,west,https://www.tfrrs.org/athletes/9231044/Iowa/Josephine__Flynt
8336190,Minnesota,Ella_Pavlovich,f,west,https://www.tfrrs.org/athletes/8336190/Minnesota/Ella_Pavlovich
9261404,Nebraska,Harshita_Sehrawat,f,west,https://www.tfrrs.org/athletes/9261404/Nebraska/Harshita_Sehrawat
9250903,UTSA,Lauralyn_Clifford,f,west,https://www.tfrrs.org/athletes/9250903/UTSA/Lauralyn_Clifford
8324076,North_Dakota_St,Adison_Kapitzke,f,west,https://www.tfrrs.org/athletes/8324076/North_Dakota_St/Adison_Kapitzke
8236874,Nebraska,Hillevi_Carlsson,f,west,https://www.tfrrs.org/athletes/8236874/Nebraska/Hillevi_Carlsson
8360077,Long_Beach_St,Giszelle_Hrehor,f,west,https://www.tfrrs.org/athletes/8360077/Long_Beach_St/Giszelle_Hrehor
7975973,BYU,Lia_Katoa,f,west,https://www.tfrrs.org/athletes/7975973/BYU/Lia_Katoa
8370630,Northern_Arizona,Sariyah_Horne-Kemp,f,west,https://www.tfrrs.org/athletes/8370630/Northern_Arizona/Sariyah_Horne-Kemp
8699141,USC,Jenna_Gallaway,f,west,https://www.tfrrs.org/athletes/8699141/USC/Jenna_Gallaway
8990509,North_Dakota,Cailey_Moton,f,west,https://www.tfrrs.org/athletes/8990509/North_Dakota/Cailey_Moton
8320676,Drake,Chinemerem_Iwuagwu,f,west,https://www.tfrrs.org/athletes/8320676/Drake/Chinemerem_Iwuagwu
8998408,Texas_AM_CC,Breyunna_Dowell,f,west,https://www.tfrrs.org/athletes/8998408/Texas_AM_CC/Breyunna_Dowell
8358324,UC_Irvine,Deana_Davis,f,west,https://www.tfrrs.org/athletes/8358324/UC_Irvine/Deana_Davis
8329383,North_Dakota,Julia_Matthews,f,west,https://www.tfrrs.org/athletes/8329383/North_Dakota/Julia_Matthews
8351109,Houston,Zaeda_Houff,f,west,https://www.tfrrs.org/athletes/8351109/Houston/Zaeda_Houff
7727682,Weber_State,Alyssa_Hansen,f,west,https://www.tfrrs.org/athletes/7727682/Weber_State/Alyssa_Hansen
9251696,Iowa_State,Kamari_Brown,f,west,https://www.tfrrs.org/athletes/9251696/Iowa_State/Kamari_Brown
8473803,Rice,McKyla_Van_Der_Westhuizen,f,west,https://www.tfrrs.org/athletes/8473803/Rice/McKyla_Van_Der_Westhuizen
8435569,Missouri,Valentina_Barrios_Bornacelli,f,west,https://www.tfrrs.org/athletes/8435569/Missouri/Valentina_Barrios_Bornacelli
7487690,Missouri,Skylar_Ciccolini,f,west,https://www.tfrrs.org/athletes/7487690/Missouri/Skylar_Ciccolini
9261405,Nebraska,Jana_Lowka,f,west,https://www.tfrrs.org/athletes/9261405/Nebraska/Jana_Lowka
8765896,Nevada,Lilly_Urban,f,west,https://www.tfrrs.org/athletes/8765896/Nevada/Lilly_Urban
7986521,Texas_AM,Katelyn_Fairchild,f,west,https://www.tfrrs.org/athletes/7986521/Texas_AM/Katelyn_Fairchild
9283682,Rice,Emily__Harbach,f,west,https://www.tfrrs.org/athletes/9283682/Rice/Emily__Harbach
9261395,Nebraska,Taysha_Stubbs,f,west,https://www.tfrrs.org/athletes/9261395/Nebraska/Taysha_Stubbs
7982988,Iowa,Elizabeth__Korczak,f,west,https://www.tfrrs.org/athletes/7982988/Iowa/Elizabeth__Korczak
8710576,Texas_AM,McKenzie_Fairchild,f,west,https://www.tfrrs.org/athletes/8710576/Texas_AM/McKenzie_Fairchild
8324609,Washington,Ashley_Schroeder,f,west,https://www.tfrrs.org/athletes/8324609/Washington/Ashley_Schroeder
8705608,TCU,Irene_Jepkemboi,f,west,https://www.tfrrs.org/athletes/8705608/TCU/Irene_Jepkemboi
8020799,Long_Beach_St,Rori_Denness-Lamont,f,west,https://www.tfrrs.org/athletes/8020799/Long_Beach_St/Rori_Denness-Lamont
8107314,Utah_State,Valerie_Clark,f,west,https://www.tfrrs.org/athletes/8107314/Utah_State/Valerie_Clark
7980937,Oregon_State,Maryann_Ackerman,f,west,https://www.tfrrs.org/athletes/7980937/Oregon_State/Maryann_Ackerman
8324607,Washington,Saydi_Orange,f,west,https://www.tfrrs.org/athletes/8324607/Washington/Saydi_Orange
8687859,Nevada,Hallee_Hughes,f,west,https://www.tfrrs.org/athletes/8687859/Nevada/Hallee_Hughes
8483146,Arizona,Erin_Tack,f,west,https://www.tfrrs.org/athletes/8483146/Arizona/Erin_Tack
9272251,Illinois,Jane_Roosimagi,f,west,https://www.tfrrs.org/athletes/9272251/Illinois/Jane_Roosimagi
8687807,BYU,Alysa_Keller,f,west,https://www.tfrrs.org/athletes/8687807/BYU/Alysa_Keller
9246065,Oregon,Greyson_Glivinski,f,west,https://www.tfrrs.org/athletes/9246065/Oregon/Greyson_Glivinski
8982733,Washington,Leonie_Troeger,f,west,https://www.tfrrs.org/athletes/8982733/Washington/Leonie_Troeger
9007518,Southern_Utah,Jaylee_Gandert,f,west,https://www.tfrrs.org/athletes/9007518/Southern_Utah/Jaylee_Gandert
8701626,Texas_Tech,Leah_Howard,f,west,https://www.tfrrs.org/athletes/8701626/Texas_Tech/Leah_Howard
8465108,North_Texas,Mackenzie_Kuehl,f,west,https://www.tfrrs.org/athletes/8465108/North_Texas/Mackenzie_Kuehl
9018349,Texas_State,Charlize_Goody,f,west,https://www.tfrrs.org/athletes/9018349/Texas_State/Charlize_Goody
8694286,Arizona,Emily_Psarras,f,west,https://www.tfrrs.org/athletes/8694286/Arizona/Emily_Psarras
8314308,Lamar,Neelie_Schiel,f,west,https://www.tfrrs.org/athletes/8314308/Lamar/Neelie_Schiel
8364032,Texas_AM,Ana_De_La_Garza,f,west,https://www.tfrrs.org/athletes/8364032/Texas_AM/Ana_De_La_Garza
8975794,Oregon_State,Havana_Alonso,f,west,https://www.tfrrs.org/athletes/8975794/Oregon_State/Havana_Alonso
8283675,Oklahoma,Amiyah__Norwood,f,west,https://www.tfrrs.org/athletes/8283675/Oklahoma/Amiyah__Norwood
8315853,St_Louis_U,Madeline_Rowold,f,west,https://www.tfrrs.org/athletes/8315853/St_Louis_U/Madeline_Rowold
9246066,Oregon,Hayden_Williams-Downing,f,west,https://www.tfrrs.org/athletes/9246066/Oregon/Hayden_Williams-Downing
8970014,Cal_Poly,Camrenne_Genilla,f,west,https://www.tfrrs.org/athletes/8970014/Cal_Poly/Camrenne_Genilla
9253349,Montana,Brynn_Fuller,f,west,https://www.tfrrs.org/athletes/9253349/Montana/Brynn_Fuller
8711250,Rice,Elena_Schwegman,f,west,https://www.tfrrs.org/athletes/8711250/Rice/Elena_Schwegman
8986545,BYU,Katharine_Beachler,f,west,https://www.tfrrs.org/athletes/8986545/BYU/Katharine_Beachler
8324106,North_Dakota_St,Alexandra_Seagris,f,west,https://www.tfrrs.org/athletes/8324106/North_Dakota_St/Alexandra_Seagris
9257619,Air_Force,Cadee_Alder,f,west,https://www.tfrrs.org/athletes/9257619/Air_Force/Cadee_Alder
9276186,UC_Irvine,Giselle_Rodriguez,f,west,https://www.tfrrs.org/athletes/9276186/UC_Irvine/Giselle_Rodriguez
8711083,Missouri,Morgan_Cannon,f,west,https://www.tfrrs.org/athletes/8711083/Missouri/Morgan_Cannon
8976953,Lindenwood,Lilly__Peters,f,west,https://www.tfrrs.org/athletes/8976953/Lindenwood/Lilly__Peters
7972559,TCU,Sydney_Juszczyk,f,west,https://www.tfrrs.org/athletes/7972559/TCU/Sydney_Juszczyk
8803884,Montana,Ashley__Carroll,f,west,https://www.tfrrs.org/athletes/8803884/Montana/Ashley__Carroll
8983900,Missouri,Val_Galligan,f,west,https://www.tfrrs.org/athletes/8983900/Missouri/Val_Galligan
7982660,San_Diego_State,Jenna_Fee_Feyerabend,f,west,https://www.tfrrs.org/athletes/7982660/San_Diego_State/Jenna_Fee_Feyerabend
8714200,Oklahoma,Angel_Richmore,f,west,https://www.tfrrs.org/athletes/8714200/Oklahoma/Angel_Richmore
9276179,UC_Irvine,Joy_Anderson,f,west,https://www.tfrrs.org/athletes/9276179/UC_Irvine/Joy_Anderson
7988601,Lamar,Mariam_Buenanueva-Saleme,f,west,https://www.tfrrs.org/athletes/7988601/Lamar/Mariam_Buenanueva-Saleme
8982894,Texas,Tabea_Eitel,f,west,https://www.tfrrs.org/athletes/8982894/Texas/Tabea_Eitel
8358309,UC_Irvine,Jolie_Robinson,f,west,https://www.tfrrs.org/athletes/8358309/UC_Irvine/Jolie_Robinson
8719523,Texas_Arlington,Eliza_Lemberga,f,west,https://www.tfrrs.org/athletes/8719523/Texas_Arlington/Eliza_Lemberga
9273651,Texas_State,Sophie_Daugard,f,west,https://www.tfrrs.org/athletes/9273651/Texas_State/Sophie_Daugard
7989010,UC_Santa_Barbara,Jessica__Mackenzie,f,west,https://www.tfrrs.org/athletes/7989010/UC_Santa_Barbara/Jessica__Mackenzie
8657853,Idaho,Hanna_Tait,f,west,https://www.tfrrs.org/athletes/8657853/Idaho/Hanna_Tait
9020614,Rice,Laura_Duckhorn,f,west,https://www.tfrrs.org/athletes/9020614/Rice/Laura_Duckhorn
9275645,Missouri,Brianna_Utecht,f,west,https://www.tfrrs.org/athletes/9275645/Missouri/Brianna_Utecht
8710077,Stephen_F_Austin,Basia__Mitchell,f,west,https://www.tfrrs.org/athletes/8710077/Stephen_F_Austin/Basia__Mitchell
8972858,Nevada,Alma_Kathan,f,west,https://www.tfrrs.org/athletes/8972858/Nevada/Alma_Kathan
9260633,BYU,Tia_Brown,f,west,https://www.tfrrs.org/athletes/9260633/BYU/Tia_Brown
9008346,Arizona,Charli_Koseoglu,f,west,https://www.tfrrs.org/athletes/9008346/Arizona/Charli_Koseoglu
8308473,Hawaii,Catherine_Touchette,f,west,https://www.tfrrs.org/athletes/8308473/Hawaii/Catherine_Touchette
9246951,Texas,Iana_Ahetz-Etcheber,f,west,https://www.tfrrs.org/athletes/9246951/Texas/Iana_Ahetz-Etcheber
8693688,North_Dakota_St,Yolanda_Nabwe,f,west,https://www.tfrrs.org/athletes/8693688/North_Dakota_St/Yolanda_Nabwe
9244668,Baylor,Madilyn_Todorovich,f,west,https://www.tfrrs.org/athletes/9244668/Baylor/Madilyn_Todorovich
9175595,Kansas_State,Kayla_Goodwin,f,west,https://www.tfrrs.org/athletes/9175595/Kansas_State/Kayla_Goodwin
8722776,UC_Santa_Barbara,Isabella_Vally,f,west,https://www.tfrrs.org/athletes/8722776/UC_Santa_Barbara/Isabella_Vally
8907906,Cal_St_Fullerton,Mayalee_Osola,f,west,https://www.tfrrs.org/athletes/8907906/Cal_St_Fullerton/Mayalee_Osola
9237296,Sacramento_St,Merle_Weber,f,west,https://www.tfrrs.org/athletes/9237296/Sacramento_St/Merle_Weber
9008526,Texas_AM,Mercy_Freeman,f,west,https://www.tfrrs.org/athletes/9008526/Texas_AM/Mercy_Freeman
8685748,Utah,Glo_Hussey,f,west,https://www.tfrrs.org/athletes/8685748/Utah/Glo_Hussey
